VCD info: dumpfile tb_Core.vcd opened for output.
VCD warning: $dumpvars: Package ($unit) is not dumpable with VCD.
System reset completed at time                   70
Loading BRAM data from bram_64x64_page3_tmp.dat...
BRAM data loaded successfully, 4096 bytes read
Detection started at time                  171
Time                 2990: BRAM read address=0x001 ( 0,  1), data=0x4a ( 74)
Time                 3010: BRAM read address=0x002 ( 0,  2), data=0x47 ( 71)
Time                 3030: BRAM read address=0x003 ( 0,  3), data=0x3f ( 63)
Time                 3050: BRAM read address=0x004 ( 0,  4), data=0x32 ( 50)
Time                 3070: BRAM read address=0x005 ( 0,  5), data=0x38 ( 56)
Time                 3090: BRAM read address=0x006 ( 0,  6), data=0x47 ( 71)
Time                 3110: BRAM read address=0x007 ( 0,  7), data=0x40 ( 64)
Time                 3130: BRAM read address=0x008 ( 0,  8), data=0x3c ( 60)
Time                 3150: BRAM read address=0x009 ( 0,  9), data=0x36 ( 54)
Time                 3170: BRAM read address=0x00a ( 0, 10), data=0x34 ( 52)
Time                 3190: BRAM read address=0x00b ( 0, 11), data=0x2c ( 44)
Time                 3210: BRAM read address=0x00c ( 0, 12), data=0x4d ( 77)
Time                 3230: BRAM read address=0x00d ( 0, 13), data=0x62 ( 98)
Time                 3250: BRAM read address=0x00e ( 0, 14), data=0x33 ( 51)
Time                 3270: BRAM read address=0x00f ( 0, 15), data=0x32 ( 50)
Time                 3290: BRAM read address=0x010 ( 0, 16), data=0x24 ( 36)
Time                 3310: BRAM read address=0x011 ( 0, 17), data=0x50 ( 80)
Time                 3330: BRAM read address=0x012 ( 0, 18), data=0x2b ( 43)
Time                 3350: BRAM read address=0x013 ( 0, 19), data=0x3e ( 62)
Time                 3370: BRAM read address=0x014 ( 0, 20), data=0x25 ( 37)
Time                 3390: BRAM read address=0x015 ( 0, 21), data=0x2c ( 44)
Time                 3410: BRAM read address=0x016 ( 0, 22), data=0x16 ( 22)
Time                 3430: BRAM read address=0x017 ( 0, 23), data=0x3e ( 62)
Time                 3450: BRAM read address=0x018 ( 0, 24), data=0x32 ( 50)
Time                 3470: BRAM read address=0x019 ( 0, 25), data=0x77 (119)
Time                 3490: BRAM read address=0x01a ( 0, 26), data=0x39 ( 57)
Time                 3510: BRAM read address=0x01b ( 0, 27), data=0x6f (111)
Time                 3530: BRAM read address=0x01c ( 0, 28), data=0x00 (  0)
Time                 3550: BRAM read address=0x01d ( 0, 29), data=0x58 ( 88)
Time                 3570: BRAM read address=0x01e ( 0, 30), data=0x63 ( 99)
Time                 3590: BRAM read address=0x01f ( 0, 31), data=0x46 ( 70)
Time                 3610: BRAM read address=0x020 ( 0, 32), data=0x76 (118)
Time                 3630: BRAM read address=0x021 ( 0, 33), data=0x53 ( 83)
Time                 3650: BRAM read address=0x022 ( 0, 34), data=0x30 ( 48)
Time                 3670: BRAM read address=0x023 ( 0, 35), data=0x39 ( 57)
Time                 3690: BRAM read address=0x024 ( 0, 36), data=0x3e ( 62)
Time                 3710: BRAM read address=0x025 ( 0, 37), data=0x2d ( 45)
Time                 3730: BRAM read address=0x026 ( 0, 38), data=0x8e (142)
Time                 3750: BRAM read address=0x027 ( 0, 39), data=0x1e ( 30)
Time                 3770: BRAM read address=0x028 ( 0, 40), data=0x8d (141)
Time                 3790: BRAM read address=0x029 ( 0, 41), data=0x3a ( 58)
Time                 3810: BRAM read address=0x02a ( 0, 42), data=0x2e ( 46)
Time                 3830: BRAM read address=0x02b ( 0, 43), data=0x57 ( 87)
Time                 3850: BRAM read address=0x02c ( 0, 44), data=0x29 ( 41)
Time                 3870: BRAM read address=0x02d ( 0, 45), data=0x6d (109)
Time                 3890: BRAM read address=0x02e ( 0, 46), data=0x39 ( 57)
Time                 3910: BRAM read address=0x02f ( 0, 47), data=0x51 ( 81)
Time                 3930: BRAM read address=0x030 ( 0, 48), data=0x56 ( 86)
Time                 3950: BRAM read address=0x031 ( 0, 49), data=0x35 ( 53)
Time                 3970: BRAM read address=0x032 ( 0, 50), data=0x26 ( 38)
Time                 3990: BRAM read address=0x033 ( 0, 51), data=0x14 ( 20)
Time                 4010: BRAM read address=0x034 ( 0, 52), data=0x28 ( 40)
Time                 4030: BRAM read address=0x035 ( 0, 53), data=0x25 ( 37)
Time                 4050: BRAM read address=0x036 ( 0, 54), data=0x35 ( 53)
Time                 4070: BRAM read address=0x037 ( 0, 55), data=0x40 ( 64)
Time                 4090: BRAM read address=0x038 ( 0, 56), data=0x28 ( 40)
Time                 4110: BRAM read address=0x039 ( 0, 57), data=0x16 ( 22)
Time                 4130: BRAM read address=0x03a ( 0, 58), data=0xa6 (166)
Time                 4150: BRAM read address=0x03b ( 0, 59), data=0xe8 (232)
Time                 4170: BRAM read address=0x03c ( 0, 60), data=0x35 ( 53)
Time                 4190: BRAM read address=0x03d ( 0, 61), data=0x5d ( 93)
Time                 4210: BRAM read address=0x03e ( 0, 62), data=0x4a ( 74)
Time                 4230: BRAM read address=0x03f ( 0, 63), data=0x3e ( 62)
Time                 4250: BRAM read address=0x000 ( 0,  0), data=0x57 ( 87)
Time                 4330: BRAM read address=0x040 ( 1,  0), data=0x3d ( 61)
Time                 4350: BRAM read address=0x041 ( 1,  1), data=0x04 (  4)
Time                 4370: BRAM read address=0x042 ( 1,  2), data=0x47 ( 71)
Time                 4390: BRAM read address=0x043 ( 1,  3), data=0x45 ( 69)
Time                 4410: BRAM read address=0x044 ( 1,  4), data=0x1b ( 27)
Time                 4430: BRAM read address=0x045 ( 1,  5), data=0x26 ( 38)
Time                 4450: BRAM read address=0x046 ( 1,  6), data=0x70 (112)
Time                 4470: BRAM read address=0x047 ( 1,  7), data=0x32 ( 50)
Time                 4490: BRAM read address=0x048 ( 1,  8), data=0x26 ( 38)
Time                 4510: BRAM read address=0x049 ( 1,  9), data=0x22 ( 34)
Time                 4530: BRAM read address=0x04a ( 1, 10), data=0x57 ( 87)
Time                 4550: BRAM read address=0x04b ( 1, 11), data=0x53 ( 83)
Time                 4570: BRAM read address=0x04c ( 1, 12), data=0x35 ( 53)
Time                 4590: BRAM read address=0x04d ( 1, 13), data=0x2a ( 42)
Time                 4610: BRAM read address=0x04e ( 1, 14), data=0x3a ( 58)
Time                 4630: BRAM read address=0x04f ( 1, 15), data=0x3e ( 62)
Time                 4650: BRAM read address=0x050 ( 1, 16), data=0x2d ( 45)
Time                 4670: BRAM read address=0x051 ( 1, 17), data=0x51 ( 81)
Time                 4690: BRAM read address=0x052 ( 1, 18), data=0x45 ( 69)
Time                 4710: BRAM read address=0x053 ( 1, 19), data=0x39 ( 57)
Time                 4730: BRAM read address=0x054 ( 1, 20), data=0x29 ( 41)
Time                 4750: BRAM read address=0x055 ( 1, 21), data=0x1d ( 29)
Time                 4770: BRAM read address=0x056 ( 1, 22), data=0x3e ( 62)
Time                 4790: BRAM read address=0x057 ( 1, 23), data=0x24 ( 36)
Time                 4810: BRAM read address=0x058 ( 1, 24), data=0x5b ( 91)
Time                 4830: BRAM read address=0x059 ( 1, 25), data=0x03 (  3)
Time                 4850: BRAM read address=0x05a ( 1, 26), data=0x54 ( 84)
Time                 4870: BRAM read address=0x05b ( 1, 27), data=0x1d ( 29)
Time                 4890: BRAM read address=0x05c ( 1, 28), data=0x2f ( 47)
Time                 4910: BRAM read address=0x05d ( 1, 29), data=0x3f ( 63)
Time                 4930: BRAM read address=0x05e ( 1, 30), data=0x37 ( 55)
Time                 4950: BRAM read address=0x05f ( 1, 31), data=0x43 ( 67)
Time                 4970: BRAM read address=0x060 ( 1, 32), data=0x5e ( 94)
Time                 4990: BRAM read address=0x061 ( 1, 33), data=0x3c ( 60)
Time                 5010: BRAM read address=0x062 ( 1, 34), data=0x46 ( 70)
Time                 5030: BRAM read address=0x063 ( 1, 35), data=0x29 ( 41)
Time                 5050: BRAM read address=0x064 ( 1, 36), data=0x55 ( 85)
Time                 5070: BRAM read address=0x065 ( 1, 37), data=0x48 ( 72)
Time                 5090: BRAM read address=0x066 ( 1, 38), data=0x3a ( 58)
Time                 5110: BRAM read address=0x067 ( 1, 39), data=0x13 ( 19)
Time                 5130: BRAM read address=0x068 ( 1, 40), data=0xa3 (163)
Time                 5150: BRAM read address=0x069 ( 1, 41), data=0x12 ( 18)
Time                 5170: BRAM read address=0x06a ( 1, 42), data=0x65 (101)
Time                 5190: BRAM read address=0x06b ( 1, 43), data=0x3a ( 58)
Time                 5210: BRAM read address=0x06c ( 1, 44), data=0x53 ( 83)
Time                 5230: BRAM read address=0x06d ( 1, 45), data=0x43 ( 67)
Time                 5250: BRAM read address=0x06e ( 1, 46), data=0x2d ( 45)
Time                 5270: BRAM read address=0x06f ( 1, 47), data=0x54 ( 84)
Time                 5290: BRAM read address=0x070 ( 1, 48), data=0x49 ( 73)
Time                 5310: BRAM read address=0x071 ( 1, 49), data=0x4a ( 74)
Time                 5330: BRAM read address=0x072 ( 1, 50), data=0x49 ( 73)
Time                 5350: BRAM read address=0x073 ( 1, 51), data=0x3c ( 60)
Time                 5370: BRAM read address=0x074 ( 1, 52), data=0x56 ( 86)
Time                 5390: BRAM read address=0x075 ( 1, 53), data=0x3c ( 60)
Time                 5410: BRAM read address=0x076 ( 1, 54), data=0x37 ( 55)
Time                 5430: BRAM read address=0x077 ( 1, 55), data=0x27 ( 39)
Time                 5450: BRAM read address=0x078 ( 1, 56), data=0x46 ( 70)
Time                 5470: BRAM read address=0x079 ( 1, 57), data=0x75 (117)
Time                 5490: BRAM read address=0x07a ( 1, 58), data=0x07 (  7)
Time                 5510: BRAM read address=0x07b ( 1, 59), data=0xa9 (169)
Time                 5530: BRAM read address=0x07c ( 1, 60), data=0x9b (155)
Time                 5550: BRAM read address=0x07d ( 1, 61), data=0x14 ( 20)
Time                 5570: BRAM read address=0x07e ( 1, 62), data=0x62 ( 98)
Time                 5590: BRAM read address=0x07f ( 1, 63), data=0x01 (  1)
Time                 5610: BRAM read address=0x000 ( 0,  0), data=0x57 ( 87)
Time                 5690: BRAM read address=0x080 ( 2,  0), data=0x46 ( 70)
Time                 5710: BRAM read address=0x081 ( 2,  1), data=0x54 ( 84)
Time                 5730: BRAM read address=0x082 ( 2,  2), data=0x55 ( 85)
Time                 5750: BRAM read address=0x083 ( 2,  3), data=0x40 ( 64)
Time                 5770: BRAM read address=0x084 ( 2,  4), data=0x27 ( 39)
Time                 5790: BRAM read address=0x085 ( 2,  5), data=0x39 ( 57)
Time                 5810: BRAM read address=0x086 ( 2,  6), data=0x36 ( 54)
Time                 5830: BRAM read address=0x087 ( 2,  7), data=0x4d ( 77)
Time                 5850: BRAM read address=0x088 ( 2,  8), data=0x37 ( 55)
Time                 5870: BRAM read address=0x089 ( 2,  9), data=0x38 ( 56)
Time                 5890: BRAM read address=0x08a ( 2, 10), data=0x3c ( 60)
Time                 5910: BRAM read address=0x08b ( 2, 11), data=0x49 ( 73)
Time                 5930: BRAM read address=0x08c ( 2, 12), data=0x11 ( 17)
Time                 5950: BRAM read address=0x08d ( 2, 13), data=0x40 ( 64)
Time                 5970: BRAM read address=0x08e ( 2, 14), data=0x55 ( 85)
Time                 5990: BRAM read address=0x08f ( 2, 15), data=0x3d ( 61)
Time                 6010: BRAM read address=0x090 ( 2, 16), data=0x30 ( 48)
Time                 6030: BRAM read address=0x091 ( 2, 17), data=0x4b ( 75)
Time                 6050: BRAM read address=0x092 ( 2, 18), data=0x42 ( 66)
Time                 6070: BRAM read address=0x093 ( 2, 19), data=0x4e ( 78)
Time                 6090: BRAM read address=0x094 ( 2, 20), data=0x48 ( 72)
Time                 6110: BRAM read address=0x095 ( 2, 21), data=0x35 ( 53)
Time                 6130: BRAM read address=0x096 ( 2, 22), data=0x42 ( 66)
Time                 6150: BRAM read address=0x097 ( 2, 23), data=0x4b ( 75)
Time                 6170: BRAM read address=0x098 ( 2, 24), data=0x26 ( 38)
Time                 6190: BRAM read address=0x099 ( 2, 25), data=0x5a ( 90)
Time                 6210: BRAM read address=0x09a ( 2, 26), data=0x19 ( 25)
Time                 6230: BRAM read address=0x09b ( 2, 27), data=0x36 ( 54)
Time                 6250: BRAM read address=0x09c ( 2, 28), data=0x44 ( 68)
Time                 6270: BRAM read address=0x09d ( 2, 29), data=0x44 ( 68)
Time                 6290: BRAM read address=0x09e ( 2, 30), data=0x4b ( 75)
Time                 6310: BRAM read address=0x09f ( 2, 31), data=0x3a ( 58)
Time                 6330: BRAM read address=0x0a0 ( 2, 32), data=0x55 ( 85)
Time                 6350: BRAM read address=0x0a1 ( 2, 33), data=0x39 ( 57)
Time                 6370: BRAM read address=0x0a2 ( 2, 34), data=0x25 ( 37)
Time                 6390: BRAM read address=0x0a3 ( 2, 35), data=0x26 ( 38)
Time                 6410: BRAM read address=0x0a4 ( 2, 36), data=0x4f ( 79)
Time                 6430: BRAM read address=0x0a5 ( 2, 37), data=0x6f (111)
Time                 6450: BRAM read address=0x0a6 ( 2, 38), data=0x00 (  0)
Time                 6470: BRAM read address=0x0a7 ( 2, 39), data=0x15 ( 21)
Time                 6490: BRAM read address=0x0a8 ( 2, 40), data=0x13 ( 19)
Time                 6510: BRAM read address=0x0a9 ( 2, 41), data=0x75 (117)
Time                 6530: BRAM read address=0x0aa ( 2, 42), data=0x0c ( 12)
Time                 6550: BRAM read address=0x0ab ( 2, 43), data=0x23 ( 35)
Time                 6570: BRAM read address=0x0ac ( 2, 44), data=0x39 ( 57)
Time                 6590: BRAM read address=0x0ad ( 2, 45), data=0x2c ( 44)
Time                 6610: BRAM read address=0x0ae ( 2, 46), data=0x37 ( 55)
Time                 6630: BRAM read address=0x0af ( 2, 47), data=0x25 ( 37)
Time                 6650: BRAM read address=0x0b0 ( 2, 48), data=0x4d ( 77)
Time                 6670: BRAM read address=0x0b1 ( 2, 49), data=0x13 ( 19)
Time                 6690: BRAM read address=0x0b2 ( 2, 50), data=0x2d ( 45)
Time                 6710: BRAM read address=0x0b3 ( 2, 51), data=0x53 ( 83)
Time                 6730: BRAM read address=0x0b4 ( 2, 52), data=0x4d ( 77)
Time                 6750: BRAM read address=0x0b5 ( 2, 53), data=0x58 ( 88)
Time                 6770: BRAM read address=0x0b6 ( 2, 54), data=0x3d ( 61)
Time                 6790: BRAM read address=0x0b7 ( 2, 55), data=0x5b ( 91)
Time                 6810: BRAM read address=0x0b8 ( 2, 56), data=0x06 (  6)
Time                 6830: BRAM read address=0x0b9 ( 2, 57), data=0x78 (120)
Time                 6850: BRAM read address=0x0ba ( 2, 58), data=0xe7 (231)
Time                 6870: BRAM read address=0x0bb ( 2, 59), data=0x9a (154)
Time                 6890: BRAM read address=0x0bc ( 2, 60), data=0x0d ( 13)
Time                 6910: BRAM read address=0x0bd ( 2, 61), data=0x67 (103)
Time                 6930: BRAM read address=0x0be ( 2, 62), data=0x2f ( 47)
Time                 6950: BRAM read address=0x0bf ( 2, 63), data=0x38 ( 56)
Time                 6970: BRAM read address=0x000 ( 0,  0), data=0x57 ( 87)
Time                 7050: BRAM read address=0x0c0 ( 3,  0), data=0x41 ( 65)
Time                 7070: BRAM read address=0x0c1 ( 3,  1), data=0x35 ( 53)
Time                 7090: BRAM read address=0x0c2 ( 3,  2), data=0x3c ( 60)
Time                 7110: BRAM read address=0x0c3 ( 3,  3), data=0x68 (104)
Time                 7130: BRAM read address=0x0c4 ( 3,  4), data=0x46 ( 70)
Time                 7150: BRAM read address=0x0c5 ( 3,  5), data=0x34 ( 52)
Time                 7170: BRAM read address=0x0c6 ( 3,  6), data=0x4c ( 76)
Time                 7190: BRAM read address=0x0c7 ( 3,  7), data=0x31 ( 49)
Time                 7210: BRAM read address=0x0c8 ( 3,  8), data=0x2a ( 42)
Time                 7230: BRAM read address=0x0c9 ( 3,  9), data=0x47 ( 71)
Time                 7250: BRAM read address=0x0ca ( 3, 10), data=0x47 ( 71)
Time                 7270: BRAM read address=0x0cb ( 3, 11), data=0x36 ( 54)
Time                 7290: BRAM read address=0x0cc ( 3, 12), data=0x3e ( 62)
Time                 7310: BRAM read address=0x0cd ( 3, 13), data=0x2a ( 42)
Time                 7330: BRAM read address=0x0ce ( 3, 14), data=0x43 ( 67)
Time                 7350: BRAM read address=0x0cf ( 3, 15), data=0x47 ( 71)
Time                 7370: BRAM read address=0x0d0 ( 3, 16), data=0x32 ( 50)
Time                 7390: BRAM read address=0x0d1 ( 3, 17), data=0x19 ( 25)
Time                 7410: BRAM read address=0x0d2 ( 3, 18), data=0x48 ( 72)
Time                 7430: BRAM read address=0x0d3 ( 3, 19), data=0x43 ( 67)
Time                 7450: BRAM read address=0x0d4 ( 3, 20), data=0x3b ( 59)
Time                 7470: BRAM read address=0x0d5 ( 3, 21), data=0x3c ( 60)
Time                 7490: BRAM read address=0x0d6 ( 3, 22), data=0x30 ( 48)
Time                 7510: BRAM read address=0x0d7 ( 3, 23), data=0x43 ( 67)
Time                 7530: BRAM read address=0x0d8 ( 3, 24), data=0x0c ( 12)
Time                 7550: BRAM read address=0x0d9 ( 3, 25), data=0x6c (108)
Time                 7570: BRAM read address=0x0da ( 3, 26), data=0x2d ( 45)
Time                 7590: BRAM read address=0x0db ( 3, 27), data=0x4e ( 78)
Time                 7610: BRAM read address=0x0dc ( 3, 28), data=0x53 ( 83)
Time                 7630: BRAM read address=0x0dd ( 3, 29), data=0x20 ( 32)
Time                 7650: BRAM read address=0x0de ( 3, 30), data=0x35 ( 53)
Time                 7670: BRAM read address=0x0df ( 3, 31), data=0x5d ( 93)
Time                 7690: BRAM read address=0x0e0 ( 3, 32), data=0x11 ( 17)
Time                 7710: BRAM read address=0x0e1 ( 3, 33), data=0x2c ( 44)
Time                 7730: BRAM read address=0x0e2 ( 3, 34), data=0x27 ( 39)
Time                 7750: BRAM read address=0x0e3 ( 3, 35), data=0x3f ( 63)
Time                 7770: BRAM read address=0x0e4 ( 3, 36), data=0x22 ( 34)
Time                 7790: BRAM read address=0x0e5 ( 3, 37), data=0x3e ( 62)
Time                 7810: BRAM read address=0x0e6 ( 3, 38), data=0x99 (153)
Time                 7830: BRAM read address=0x0e7 ( 3, 39), data=0x15 ( 21)
Time                 7850: BRAM read address=0x0e8 ( 3, 40), data=0x96 (150)
Time                 7870: BRAM read address=0x0e9 ( 3, 41), data=0x05 (  5)
Time                 7890: BRAM read address=0x0ea ( 3, 42), data=0xa0 (160)
Time                 7910: BRAM read address=0x0eb ( 3, 43), data=0x46 ( 70)
Time                 7930: BRAM read address=0x0ec ( 3, 44), data=0x30 ( 48)
Time                 7950: BRAM read address=0x0ed ( 3, 45), data=0x23 ( 35)
Time                 7970: BRAM read address=0x0ee ( 3, 46), data=0x59 ( 89)
Time                 7990: BRAM read address=0x0ef ( 3, 47), data=0x56 ( 86)
Time                 8010: BRAM read address=0x0f0 ( 3, 48), data=0x2a ( 42)
Time                 8030: BRAM read address=0x0f1 ( 3, 49), data=0x4b ( 75)
Time                 8050: BRAM read address=0x0f2 ( 3, 50), data=0x67 (103)
Time                 8070: BRAM read address=0x0f3 ( 3, 51), data=0x5a ( 90)
Time                 8090: BRAM read address=0x0f4 ( 3, 52), data=0x37 ( 55)
Time                 8110: BRAM read address=0x0f5 ( 3, 53), data=0x25 ( 37)
Time                 8130: BRAM read address=0x0f6 ( 3, 54), data=0x54 ( 84)
Time                 8150: BRAM read address=0x0f7 ( 3, 55), data=0x4c ( 76)
Time                 8170: BRAM read address=0x0f8 ( 3, 56), data=0x6a (106)
Time                 8190: BRAM read address=0x0f9 ( 3, 57), data=0x32 ( 50)
Time                 8210: BRAM read address=0x0fa ( 3, 58), data=0x57 ( 87)
Time                 8230: BRAM read address=0x0fb ( 3, 59), data=0x50 ( 80)
Time                 8250: BRAM read address=0x0fc ( 3, 60), data=0x5b ( 91)
Time                 8270: BRAM read address=0x0fd ( 3, 61), data=0x1c ( 28)
Time                 8290: BRAM read address=0x0fe ( 3, 62), data=0x46 ( 70)
Time                 8310: BRAM read address=0x0ff ( 3, 63), data=0x30 ( 48)
Time                 8330: BRAM read address=0x000 ( 0,  0), data=0x57 ( 87)
Time                 8410: BRAM read address=0x100 ( 4,  0), data=0x1c ( 28)
Time                 8430: BRAM read address=0x101 ( 4,  1), data=0x52 ( 82)
Time                 8450: BRAM read address=0x102 ( 4,  2), data=0x42 ( 66)
Time                 8470: BRAM read address=0x103 ( 4,  3), data=0x2d ( 45)
Time                 8490: BRAM read address=0x104 ( 4,  4), data=0x4a ( 74)
Time                 8510: BRAM read address=0x105 ( 4,  5), data=0x3d ( 61)
Time                 8530: BRAM read address=0x106 ( 4,  6), data=0x30 ( 48)
Time                 8550: BRAM read address=0x107 ( 4,  7), data=0x52 ( 82)
Time                 8570: BRAM read address=0x108 ( 4,  8), data=0x33 ( 51)
Time                 8590: BRAM read address=0x109 ( 4,  9), data=0x5d ( 93)
Time                 8610: BRAM read address=0x10a ( 4, 10), data=0x33 ( 51)
Time                 8630: BRAM read address=0x10b ( 4, 11), data=0x38 ( 56)
Time                 8650: BRAM read address=0x10c ( 4, 12), data=0x5d ( 93)
Time                 8670: BRAM read address=0x10d ( 4, 13), data=0x3d ( 61)
Time                 8690: BRAM read address=0x10e ( 4, 14), data=0x35 ( 53)
Time                 8710: BRAM read address=0x10f ( 4, 15), data=0x33 ( 51)
Time                 8730: BRAM read address=0x110 ( 4, 16), data=0x37 ( 55)
Time                 8750: BRAM read address=0x111 ( 4, 17), data=0x5d ( 93)
Time                 8770: BRAM read address=0x112 ( 4, 18), data=0x3b ( 59)
Time                 8790: BRAM read address=0x113 ( 4, 19), data=0x33 ( 51)
Time                 8810: BRAM read address=0x114 ( 4, 20), data=0x48 ( 72)
Time                 8830: BRAM read address=0x115 ( 4, 21), data=0x43 ( 67)
Time                 8850: BRAM read address=0x116 ( 4, 22), data=0x50 ( 80)
Time                 8870: BRAM read address=0x117 ( 4, 23), data=0x43 ( 67)
Time                 8890: BRAM read address=0x118 ( 4, 24), data=0x27 ( 39)
Time                 8910: BRAM read address=0x119 ( 4, 25), data=0x3b ( 59)
Time                 8930: BRAM read address=0x11a ( 4, 26), data=0x32 ( 50)
Time                 8950: BRAM read address=0x11b ( 4, 27), data=0x63 ( 99)
Time                 8970: BRAM read address=0x11c ( 4, 28), data=0x0c ( 12)
Time                 8990: BRAM read address=0x11d ( 4, 29), data=0x06 (  6)
Time                 9010: BRAM read address=0x11e ( 4, 30), data=0x45 ( 69)
Time                 9030: BRAM read address=0x11f ( 4, 31), data=0x3e ( 62)
Time                 9050: BRAM read address=0x120 ( 4, 32), data=0x5e ( 94)
Time                 9070: BRAM read address=0x121 ( 4, 33), data=0x3a ( 58)
Time                 9090: BRAM read address=0x122 ( 4, 34), data=0x4a ( 74)
Time                 9110: BRAM read address=0x123 ( 4, 35), data=0x4b ( 75)
Time                 9130: BRAM read address=0x124 ( 4, 36), data=0x34 ( 52)
Time                 9150: BRAM read address=0x125 ( 4, 37), data=0x51 ( 81)
Time                 9170: BRAM read address=0x126 ( 4, 38), data=0x48 ( 72)
Time                 9190: BRAM read address=0x127 ( 4, 39), data=0x32 ( 50)
Time                 9210: BRAM read address=0x128 ( 4, 40), data=0x65 (101)
Time                 9230: BRAM read address=0x129 ( 4, 41), data=0x1d ( 29)
Time                 9250: BRAM read address=0x12a ( 4, 42), data=0x3d ( 61)
Time                 9270: BRAM read address=0x12b ( 4, 43), data=0x3c ( 60)
Time                 9290: BRAM read address=0x12c ( 4, 44), data=0x51 ( 81)
Time                 9310: BRAM read address=0x12d ( 4, 45), data=0x32 ( 50)
Time                 9330: BRAM read address=0x12e ( 4, 46), data=0x4e ( 78)
Time                 9350: BRAM read address=0x12f ( 4, 47), data=0x40 ( 64)
Time                 9370: BRAM read address=0x130 ( 4, 48), data=0x4f ( 79)
Time                 9390: BRAM read address=0x131 ( 4, 49), data=0x18 ( 24)
Time                 9410: BRAM read address=0x132 ( 4, 50), data=0x43 ( 67)
Time                 9430: BRAM read address=0x133 ( 4, 51), data=0x18 ( 24)
Time                 9450: BRAM read address=0x134 ( 4, 52), data=0x0b ( 11)
Time                 9470: BRAM read address=0x135 ( 4, 53), data=0x35 ( 53)
Time                 9490: BRAM read address=0x136 ( 4, 54), data=0x45 ( 69)
Time                 9510: BRAM read address=0x137 ( 4, 55), data=0x4e ( 78)
Time                 9530: BRAM read address=0x138 ( 4, 56), data=0x53 ( 83)
Time                 9550: BRAM read address=0x139 ( 4, 57), data=0x54 ( 84)
Time                 9570: BRAM read address=0x13a ( 4, 58), data=0x25 ( 37)
Time                 9590: BRAM read address=0x13b ( 4, 59), data=0x30 ( 48)
Time                 9610: BRAM read address=0x13c ( 4, 60), data=0x3d ( 61)
Time                 9630: BRAM read address=0x13d ( 4, 61), data=0x48 ( 72)
Time                 9650: BRAM read address=0x13e ( 4, 62), data=0x38 ( 56)
Time                 9670: BRAM read address=0x13f ( 4, 63), data=0x33 ( 51)
Time                 9690: BRAM read address=0x000 ( 0,  0), data=0x57 ( 87)
Time                 9770: BRAM read address=0x140 ( 5,  0), data=0x36 ( 54)
Time                 9790: BRAM read address=0x141 ( 5,  1), data=0x47 ( 71)
Time                 9810: BRAM read address=0x142 ( 5,  2), data=0x2d ( 45)
Time                 9830: BRAM read address=0x143 ( 5,  3), data=0x19 ( 25)
Time                 9850: BRAM read address=0x144 ( 5,  4), data=0x54 ( 84)
Time                 9870: BRAM read address=0x145 ( 5,  5), data=0x3f ( 63)
Time                 9890: BRAM read address=0x146 ( 5,  6), data=0x50 ( 80)
Time                 9910: BRAM read address=0x147 ( 5,  7), data=0x2c ( 44)
Time                 9930: BRAM read address=0x148 ( 5,  8), data=0x2a ( 42)
Time                 9950: BRAM read address=0x149 ( 5,  9), data=0x45 ( 69)
Time                 9970: BRAM read address=0x14a ( 5, 10), data=0x38 ( 56)
Time                 9990: BRAM read address=0x14b ( 5, 11), data=0x22 ( 34)
Time                10010: BRAM read address=0x14c ( 5, 12), data=0x3e ( 62)
Time                10030: BRAM read address=0x14d ( 5, 13), data=0x21 ( 33)
Time                10050: BRAM read address=0x14e ( 5, 14), data=0x50 ( 80)
Time                10070: BRAM read address=0x14f ( 5, 15), data=0x63 ( 99)
Time                10090: BRAM read address=0x150 ( 5, 16), data=0x49 ( 73)
Time                10110: BRAM read address=0x151 ( 5, 17), data=0x50 ( 80)
Time                10130: BRAM read address=0x152 ( 5, 18), data=0x32 ( 50)
Time                10150: BRAM read address=0x153 ( 5, 19), data=0x45 ( 69)
Time                10170: BRAM read address=0x154 ( 5, 20), data=0x37 ( 55)
Time                10190: BRAM read address=0x155 ( 5, 21), data=0x3a ( 58)
Time                10210: BRAM read address=0x156 ( 5, 22), data=0x2c ( 44)
Time                10230: BRAM read address=0x157 ( 5, 23), data=0x38 ( 56)
Time                10250: BRAM read address=0x158 ( 5, 24), data=0x52 ( 82)
Time                10270: BRAM read address=0x159 ( 5, 25), data=0x47 ( 71)
Time                10290: BRAM read address=0x15a ( 5, 26), data=0x26 ( 38)
Time                10310: BRAM read address=0x15b ( 5, 27), data=0x4e ( 78)
Time                10330: BRAM read address=0x15c ( 5, 28), data=0x46 ( 70)
Time                10350: BRAM read address=0x15d ( 5, 29), data=0x32 ( 50)
Time                10370: BRAM read address=0x15e ( 5, 30), data=0x50 ( 80)
Time                10390: BRAM read address=0x15f ( 5, 31), data=0x47 ( 71)
Time                10410: BRAM read address=0x160 ( 5, 32), data=0x4c ( 76)
Time                10430: BRAM read address=0x161 ( 5, 33), data=0x33 ( 51)
Time                10450: BRAM read address=0x162 ( 5, 34), data=0x63 ( 99)
Time                10470: BRAM read address=0x163 ( 5, 35), data=0x55 ( 85)
Time                10490: BRAM read address=0x164 ( 5, 36), data=0x40 ( 64)
Time                10510: BRAM read address=0x165 ( 5, 37), data=0x45 ( 69)
Time                10530: BRAM read address=0x166 ( 5, 38), data=0x4f ( 79)
Time                10550: BRAM read address=0x167 ( 5, 39), data=0x43 ( 67)
Time                10570: BRAM read address=0x168 ( 5, 40), data=0x35 ( 53)
Time                10590: BRAM read address=0x169 ( 5, 41), data=0x12 ( 18)
Time                10610: BRAM read address=0x16a ( 5, 42), data=0x5f ( 95)
Time                10630: BRAM read address=0x16b ( 5, 43), data=0x5c ( 92)
Time                10650: BRAM read address=0x16c ( 5, 44), data=0x47 ( 71)
Time                10670: BRAM read address=0x16d ( 5, 45), data=0x4f ( 79)
Time                10690: BRAM read address=0x16e ( 5, 46), data=0x4a ( 74)
Time                10710: BRAM read address=0x16f ( 5, 47), data=0x28 ( 40)
Time                10730: BRAM read address=0x170 ( 5, 48), data=0x1f ( 31)
Time                10750: BRAM read address=0x171 ( 5, 49), data=0x30 ( 48)
Time                10770: BRAM read address=0x172 ( 5, 50), data=0x2e ( 46)
Time                10790: BRAM read address=0x173 ( 5, 51), data=0x41 ( 65)
Time                10810: BRAM read address=0x174 ( 5, 52), data=0x15 ( 21)
Time                10830: BRAM read address=0x175 ( 5, 53), data=0x4a ( 74)
Time                10850: BRAM read address=0x176 ( 5, 54), data=0x1f ( 31)
Time                10870: BRAM read address=0x177 ( 5, 55), data=0x30 ( 48)
Time                10890: BRAM read address=0x178 ( 5, 56), data=0x59 ( 89)
Time                10910: BRAM read address=0x179 ( 5, 57), data=0x4f ( 79)
Time                10930: BRAM read address=0x17a ( 5, 58), data=0x49 ( 73)
Time                10950: BRAM read address=0x17b ( 5, 59), data=0x3a ( 58)
Time                10970: BRAM read address=0x17c ( 5, 60), data=0x40 ( 64)
Time                10990: BRAM read address=0x17d ( 5, 61), data=0x3e ( 62)
Time                11010: BRAM read address=0x17e ( 5, 62), data=0x44 ( 68)
Time                11030: BRAM read address=0x17f ( 5, 63), data=0x67 (103)
Time                11050: BRAM read address=0x000 ( 0,  0), data=0x57 ( 87)
Time                11130: BRAM read address=0x180 ( 6,  0), data=0x32 ( 50)
Time                11150: BRAM read address=0x181 ( 6,  1), data=0x47 ( 71)
Time                11170: BRAM read address=0x182 ( 6,  2), data=0x47 ( 71)
Time                11190: BRAM read address=0x183 ( 6,  3), data=0x29 ( 41)
Time                11210: BRAM read address=0x184 ( 6,  4), data=0x3e ( 62)
Time                11230: BRAM read address=0x185 ( 6,  5), data=0x20 ( 32)
Time                11250: BRAM read address=0x186 ( 6,  6), data=0x61 ( 97)
Time                11270: BRAM read address=0x187 ( 6,  7), data=0x34 ( 52)
Time                11290: BRAM read address=0x188 ( 6,  8), data=0x1d ( 29)
Time                11310: BRAM read address=0x189 ( 6,  9), data=0x39 ( 57)
Time                11330: BRAM read address=0x18a ( 6, 10), data=0x50 ( 80)
Time                11350: BRAM read address=0x18b ( 6, 11), data=0x27 ( 39)
Time                11370: BRAM read address=0x18c ( 6, 12), data=0x4e ( 78)
Time                11390: BRAM read address=0x18d ( 6, 13), data=0x54 ( 84)
Time                11410: BRAM read address=0x18e ( 6, 14), data=0x3d ( 61)
Time                11430: BRAM read address=0x18f ( 6, 15), data=0x32 ( 50)
Time                11450: BRAM read address=0x190 ( 6, 16), data=0x49 ( 73)
Time                11470: BRAM read address=0x191 ( 6, 17), data=0x38 ( 56)
Time                11490: BRAM read address=0x192 ( 6, 18), data=0x3a ( 58)
Time                11510: BRAM read address=0x193 ( 6, 19), data=0x37 ( 55)
Time                11530: BRAM read address=0x194 ( 6, 20), data=0x2a ( 42)
Time                11550: BRAM read address=0x195 ( 6, 21), data=0x26 ( 38)
Time                11570: BRAM read address=0x196 ( 6, 22), data=0x38 ( 56)
Time                11590: BRAM read address=0x197 ( 6, 23), data=0x2b ( 43)
Time                11610: BRAM read address=0x198 ( 6, 24), data=0x56 ( 86)
Time                11630: BRAM read address=0x199 ( 6, 25), data=0x7b (123)
Time                11650: BRAM read address=0x19a ( 6, 26), data=0x26 ( 38)
Time                11670: BRAM read address=0x19b ( 6, 27), data=0x45 ( 69)
Time                11690: BRAM read address=0x19c ( 6, 28), data=0x31 ( 49)
Time                11710: BRAM read address=0x19d ( 6, 29), data=0x3f ( 63)
Time                11730: BRAM read address=0x19e ( 6, 30), data=0x56 ( 86)
Time                11750: BRAM read address=0x19f ( 6, 31), data=0x4f ( 79)
Time                11770: BRAM read address=0x1a0 ( 6, 32), data=0x1f ( 31)
Time                11790: BRAM read address=0x1a1 ( 6, 33), data=0x33 ( 51)
Time                11810: BRAM read address=0x1a2 ( 6, 34), data=0x51 ( 81)
Time                11830: BRAM read address=0x1a3 ( 6, 35), data=0x32 ( 50)
Time                11850: BRAM read address=0x1a4 ( 6, 36), data=0x43 ( 67)
Time                11870: BRAM read address=0x1a5 ( 6, 37), data=0x28 ( 40)
Time                11890: BRAM read address=0x1a6 ( 6, 38), data=0x3a ( 58)
Time                11910: BRAM read address=0x1a7 ( 6, 39), data=0x2d ( 45)
Time                11930: BRAM read address=0x1a8 ( 6, 40), data=0x4d ( 77)
Time                11950: BRAM read address=0x1a9 ( 6, 41), data=0x57 ( 87)
Time                11970: BRAM read address=0x1aa ( 6, 42), data=0x5c ( 92)
Time                11990: BRAM read address=0x1ab ( 6, 43), data=0x3b ( 59)
Time                12010: BRAM read address=0x1ac ( 6, 44), data=0x42 ( 66)
Time                12030: BRAM read address=0x1ad ( 6, 45), data=0x30 ( 48)
Time                12050: BRAM read address=0x1ae ( 6, 46), data=0x47 ( 71)
Time                12070: BRAM read address=0x1af ( 6, 47), data=0x3d ( 61)
Time                12090: BRAM read address=0x1b0 ( 6, 48), data=0x41 ( 65)
Time                12110: BRAM read address=0x1b1 ( 6, 49), data=0x58 ( 88)
Time                12130: BRAM read address=0x1b2 ( 6, 50), data=0x2f ( 47)
Time                12150: BRAM read address=0x1b3 ( 6, 51), data=0x34 ( 52)
Time                12170: BRAM read address=0x1b4 ( 6, 52), data=0x41 ( 65)
Time                12190: BRAM read address=0x1b5 ( 6, 53), data=0x19 ( 25)
Time                12210: BRAM read address=0x1b6 ( 6, 54), data=0x59 ( 89)
Time                12230: BRAM read address=0x1b7 ( 6, 55), data=0x30 ( 48)
Time                12250: BRAM read address=0x1b8 ( 6, 56), data=0x3b ( 59)
Time                12270: BRAM read address=0x1b9 ( 6, 57), data=0x44 ( 68)
Time                12290: BRAM read address=0x1ba ( 6, 58), data=0x43 ( 67)
Time                12310: BRAM read address=0x1bb ( 6, 59), data=0x52 ( 82)
Time                12330: BRAM read address=0x1bc ( 6, 60), data=0x22 ( 34)
Time                12350: BRAM read address=0x1bd ( 6, 61), data=0x3d ( 61)
Time                12370: BRAM read address=0x1be ( 6, 62), data=0x4a ( 74)
Time                12390: BRAM read address=0x1bf ( 6, 63), data=0x49 ( 73)
Time                12410: BRAM read address=0x000 ( 0,  0), data=0x57 ( 87)
Time                12490: BRAM read address=0x1c0 ( 7,  0), data=0x32 ( 50)
Time                12510: BRAM read address=0x1c1 ( 7,  1), data=0x3a ( 58)
Time                12530: BRAM read address=0x1c2 ( 7,  2), data=0x3e ( 62)
Time                12550: BRAM read address=0x1c3 ( 7,  3), data=0x4f ( 79)
Time                12570: BRAM read address=0x1c4 ( 7,  4), data=0x54 ( 84)
Time                12590: BRAM read address=0x1c5 ( 7,  5), data=0x68 (104)
Time                12610: BRAM read address=0x1c6 ( 7,  6), data=0x30 ( 48)
Time                12630: BRAM read address=0x1c7 ( 7,  7), data=0x51 ( 81)
Time                12650: BRAM read address=0x1c8 ( 7,  8), data=0x20 ( 32)
Time                12670: BRAM read address=0x1c9 ( 7,  9), data=0x4f ( 79)
Time                12690: BRAM read address=0x1ca ( 7, 10), data=0x41 ( 65)
Time                12710: BRAM read address=0x1cb ( 7, 11), data=0x15 ( 21)
Time                12730: BRAM read address=0x1cc ( 7, 12), data=0x3d ( 61)
Time                12750: BRAM read address=0x1cd ( 7, 13), data=0x23 ( 35)
Time                12770: BRAM read address=0x1ce ( 7, 14), data=0x52 ( 82)
Time                12790: BRAM read address=0x1cf ( 7, 15), data=0x2a ( 42)
Time                12810: BRAM read address=0x1d0 ( 7, 16), data=0x58 ( 88)
Time                12830: BRAM read address=0x1d1 ( 7, 17), data=0x2c ( 44)
Time                12850: BRAM read address=0x1d2 ( 7, 18), data=0x4f ( 79)
Time                12870: BRAM read address=0x1d3 ( 7, 19), data=0x6b (107)
Time                12890: BRAM read address=0x1d4 ( 7, 20), data=0x38 ( 56)
Time                12910: BRAM read address=0x1d5 ( 7, 21), data=0x1e ( 30)
Time                12930: BRAM read address=0x1d6 ( 7, 22), data=0x4a ( 74)
Time                12950: BRAM read address=0x1d7 ( 7, 23), data=0x4c ( 76)
Time                12970: BRAM read address=0x1d8 ( 7, 24), data=0x44 ( 68)
Time                12990: BRAM read address=0x1d9 ( 7, 25), data=0x07 (  7)
Time                13010: BRAM read address=0x1da ( 7, 26), data=0x39 ( 57)
Time                13030: BRAM read address=0x1db ( 7, 27), data=0x53 ( 83)
Time                13050: BRAM read address=0x1dc ( 7, 28), data=0x38 ( 56)
Time                13070: BRAM read address=0x1dd ( 7, 29), data=0x1d ( 29)
Time                13090: BRAM read address=0x1de ( 7, 30), data=0x60 ( 96)
Time                13110: BRAM read address=0x1df ( 7, 31), data=0x3f ( 63)
Time                13130: BRAM read address=0x1e0 ( 7, 32), data=0x37 ( 55)
Time                13150: BRAM read address=0x1e1 ( 7, 33), data=0x52 ( 82)
Time                13170: BRAM read address=0x1e2 ( 7, 34), data=0x2e ( 46)
Time                13190: BRAM read address=0x1e3 ( 7, 35), data=0x50 ( 80)
Time                13210: BRAM read address=0x1e4 ( 7, 36), data=0x50 ( 80)
Time                13230: BRAM read address=0x1e5 ( 7, 37), data=0x58 ( 88)
Time                13250: BRAM read address=0x1e6 ( 7, 38), data=0x4e ( 78)
Time                13270: BRAM read address=0x1e7 ( 7, 39), data=0x44 ( 68)
Time                13290: BRAM read address=0x1e8 ( 7, 40), data=0x3b ( 59)
Time                13310: BRAM read address=0x1e9 ( 7, 41), data=0x21 ( 33)
Time                13330: BRAM read address=0x1ea ( 7, 42), data=0x46 ( 70)
Time                13350: BRAM read address=0x1eb ( 7, 43), data=0x45 ( 69)
Time                13370: BRAM read address=0x1ec ( 7, 44), data=0x42 ( 66)
Time                13390: BRAM read address=0x1ed ( 7, 45), data=0x37 ( 55)
Time                13410: BRAM read address=0x1ee ( 7, 46), data=0x29 ( 41)
Time                13430: BRAM read address=0x1ef ( 7, 47), data=0x54 ( 84)
Time                13450: BRAM read address=0x1f0 ( 7, 48), data=0x56 ( 86)
Time                13470: BRAM read address=0x1f1 ( 7, 49), data=0x2c ( 44)
Time                13490: BRAM read address=0x1f2 ( 7, 50), data=0x3d ( 61)
Time                13510: BRAM read address=0x1f3 ( 7, 51), data=0x4d ( 77)
Time                13530: BRAM read address=0x1f4 ( 7, 52), data=0x2a ( 42)
Time                13550: BRAM read address=0x1f5 ( 7, 53), data=0x49 ( 73)
Time                13570: BRAM read address=0x1f6 ( 7, 54), data=0x13 ( 19)
Time                13590: BRAM read address=0x1f7 ( 7, 55), data=0x30 ( 48)
Time                13610: BRAM read address=0x1f8 ( 7, 56), data=0x4e ( 78)
Time                13630: BRAM read address=0x1f9 ( 7, 57), data=0x54 ( 84)
Time                13650: BRAM read address=0x1fa ( 7, 58), data=0x45 ( 69)
Time                13670: BRAM read address=0x1fb ( 7, 59), data=0x3a ( 58)
Time                13690: BRAM read address=0x1fc ( 7, 60), data=0x50 ( 80)
Time                13710: BRAM read address=0x1fd ( 7, 61), data=0x52 ( 82)
Time                13730: BRAM read address=0x1fe ( 7, 62), data=0x70 (112)
Time                13750: BRAM read address=0x1ff ( 7, 63), data=0x41 ( 65)
Time                13770: BRAM read address=0x000 ( 0,  0), data=0x57 ( 87)
Time                13850: BRAM read address=0x200 ( 8,  0), data=0x58 ( 88)
Time                13870: BRAM read address=0x201 ( 8,  1), data=0x39 ( 57)
Time                13890: BRAM read address=0x202 ( 8,  2), data=0x23 ( 35)
Time                13910: BRAM read address=0x203 ( 8,  3), data=0x6b (107)
Time                13930: BRAM read address=0x204 ( 8,  4), data=0x33 ( 51)
Time                13950: BRAM read address=0x205 ( 8,  5), data=0x61 ( 97)
Time                13970: BRAM read address=0x206 ( 8,  6), data=0x36 ( 54)
Time                13990: BRAM read address=0x207 ( 8,  7), data=0x32 ( 50)
Time                14010: BRAM read address=0x208 ( 8,  8), data=0x54 ( 84)
Time                14030: BRAM read address=0x209 ( 8,  9), data=0x20 ( 32)
Time                14050: BRAM read address=0x20a ( 8, 10), data=0x51 ( 81)
Time                14070: BRAM read address=0x20b ( 8, 11), data=0x30 ( 48)
Time                14090: BRAM read address=0x20c ( 8, 12), data=0x3a ( 58)
Time                14110: BRAM read address=0x20d ( 8, 13), data=0x52 ( 82)
Time                14130: BRAM read address=0x20e ( 8, 14), data=0x41 ( 65)
Time                14150: BRAM read address=0x20f ( 8, 15), data=0x41 ( 65)
Time                14170: BRAM read address=0x210 ( 8, 16), data=0x4d ( 77)
Time                14190: BRAM read address=0x211 ( 8, 17), data=0x36 ( 54)
Time                14210: BRAM read address=0x212 ( 8, 18), data=0x33 ( 51)
Time                14230: BRAM read address=0x213 ( 8, 19), data=0x35 ( 53)
Time                14250: BRAM read address=0x214 ( 8, 20), data=0x21 ( 33)
Time                14270: BRAM read address=0x215 ( 8, 21), data=0x47 ( 71)
Time                14290: BRAM read address=0x216 ( 8, 22), data=0x36 ( 54)
Time                14310: BRAM read address=0x217 ( 8, 23), data=0x39 ( 57)
Time                14330: BRAM read address=0x218 ( 8, 24), data=0x5e ( 94)
Time                14350: BRAM read address=0x219 ( 8, 25), data=0x63 ( 99)
Time                14370: BRAM read address=0x21a ( 8, 26), data=0x6c (108)
Time                14390: BRAM read address=0x21b ( 8, 27), data=0x45 ( 69)
Time                14410: BRAM read address=0x21c ( 8, 28), data=0x2e ( 46)
Time                14430: BRAM read address=0x21d ( 8, 29), data=0x3e ( 62)
Time                14450: BRAM read address=0x21e ( 8, 30), data=0x32 ( 50)
Time                14470: BRAM read address=0x21f ( 8, 31), data=0x3d ( 61)
Time                14490: BRAM read address=0x220 ( 8, 32), data=0x67 (103)
Time                14510: BRAM read address=0x221 ( 8, 33), data=0x44 ( 68)
Time                14530: BRAM read address=0x222 ( 8, 34), data=0x4d ( 77)
Time                14550: BRAM read address=0x223 ( 8, 35), data=0x44 ( 68)
Time                14570: BRAM read address=0x224 ( 8, 36), data=0x5a ( 90)
Time                14590: BRAM read address=0x225 ( 8, 37), data=0x39 ( 57)
Time                14610: BRAM read address=0x226 ( 8, 38), data=0x36 ( 54)
Time                14630: BRAM read address=0x227 ( 8, 39), data=0x3c ( 60)
Time                14650: BRAM read address=0x228 ( 8, 40), data=0x60 ( 96)
Time                14670: BRAM read address=0x229 ( 8, 41), data=0x34 ( 52)
Time                14690: BRAM read address=0x22a ( 8, 42), data=0x27 ( 39)
Time                14710: BRAM read address=0x22b ( 8, 43), data=0x36 ( 54)
Time                14730: BRAM read address=0x22c ( 8, 44), data=0x50 ( 80)
Time                14750: BRAM read address=0x22d ( 8, 45), data=0x27 ( 39)
Time                14770: BRAM read address=0x22e ( 8, 46), data=0x52 ( 82)
Time                14790: BRAM read address=0x22f ( 8, 47), data=0x54 ( 84)
Time                14810: BRAM read address=0x230 ( 8, 48), data=0x58 ( 88)
Time                14830: BRAM read address=0x231 ( 8, 49), data=0x30 ( 48)
Time                14850: BRAM read address=0x232 ( 8, 50), data=0x22 ( 34)
Time                14870: BRAM read address=0x233 ( 8, 51), data=0x5e ( 94)
Time                14890: BRAM read address=0x234 ( 8, 52), data=0x16 ( 22)
Time                14910: BRAM read address=0x235 ( 8, 53), data=0x57 ( 87)
Time                14930: BRAM read address=0x236 ( 8, 54), data=0x44 ( 68)
Time                14950: BRAM read address=0x237 ( 8, 55), data=0x56 ( 86)
Time                14970: BRAM read address=0x238 ( 8, 56), data=0x37 ( 55)
Time                14990: BRAM read address=0x239 ( 8, 57), data=0x39 ( 57)
Time                15010: BRAM read address=0x23a ( 8, 58), data=0x4b ( 75)
Time                15030: BRAM read address=0x23b ( 8, 59), data=0x1e ( 30)
Time                15050: BRAM read address=0x23c ( 8, 60), data=0x5f ( 95)
Time                15070: BRAM read address=0x23d ( 8, 61), data=0x0e ( 14)
Time                15090: BRAM read address=0x23e ( 8, 62), data=0x1f ( 31)
Time                15110: BRAM read address=0x23f ( 8, 63), data=0x08 (  8)
Time                15130: BRAM read address=0x000 ( 0,  0), data=0x57 ( 87)
Time                15210: BRAM read address=0x240 ( 9,  0), data=0x46 ( 70)
Time                15230: BRAM read address=0x241 ( 9,  1), data=0x42 ( 66)
Time                15250: BRAM read address=0x242 ( 9,  2), data=0x47 ( 71)
Time                15270: BRAM read address=0x243 ( 9,  3), data=0x3c ( 60)
Time                15290: BRAM read address=0x244 ( 9,  4), data=0x54 ( 84)
Time                15310: BRAM read address=0x245 ( 9,  5), data=0x37 ( 55)
Time                15330: BRAM read address=0x246 ( 9,  6), data=0x66 (102)
Time                15350: BRAM read address=0x247 ( 9,  7), data=0x30 ( 48)
Time                15370: BRAM read address=0x248 ( 9,  8), data=0x3f ( 63)
Time                15390: BRAM read address=0x249 ( 9,  9), data=0x41 ( 65)
Time                15410: BRAM read address=0x24a ( 9, 10), data=0x3b ( 59)
Time                15430: BRAM read address=0x24b ( 9, 11), data=0x15 ( 21)
Time                15450: BRAM read address=0x24c ( 9, 12), data=0x38 ( 56)
Time                15470: BRAM read address=0x24d ( 9, 13), data=0x52 ( 82)
Time                15490: BRAM read address=0x24e ( 9, 14), data=0x15 ( 21)
Time                15510: BRAM read address=0x24f ( 9, 15), data=0x42 ( 66)
Time                15530: BRAM read address=0x250 ( 9, 16), data=0x40 ( 64)
Time                15550: BRAM read address=0x251 ( 9, 17), data=0x30 ( 48)
Time                15570: BRAM read address=0x252 ( 9, 18), data=0x4c ( 76)
Time                15590: BRAM read address=0x253 ( 9, 19), data=0x4d ( 77)
Time                15610: BRAM read address=0x254 ( 9, 20), data=0x20 ( 32)
Time                15630: BRAM read address=0x255 ( 9, 21), data=0x65 (101)
Time                15650: BRAM read address=0x256 ( 9, 22), data=0x40 ( 64)
Time                15670: BRAM read address=0x257 ( 9, 23), data=0x5a ( 90)
Time                15690: BRAM read address=0x258 ( 9, 24), data=0x42 ( 66)
Time                15710: BRAM read address=0x259 ( 9, 25), data=0x42 ( 66)
Time                15730: BRAM read address=0x25a ( 9, 26), data=0x40 ( 64)
Time                15750: BRAM read address=0x25b ( 9, 27), data=0x42 ( 66)
Time                15770: BRAM read address=0x25c ( 9, 28), data=0x1e ( 30)
Time                15790: BRAM read address=0x25d ( 9, 29), data=0x24 ( 36)
Time                15810: BRAM read address=0x25e ( 9, 30), data=0x50 ( 80)
Time                15830: BRAM read address=0x25f ( 9, 31), data=0x4a ( 74)
Time                15850: BRAM read address=0x260 ( 9, 32), data=0x4a ( 74)
Time                15870: BRAM read address=0x261 ( 9, 33), data=0x44 ( 68)
Time                15890: BRAM read address=0x262 ( 9, 34), data=0x34 ( 52)
Time                15910: BRAM read address=0x263 ( 9, 35), data=0x42 ( 66)
Time                15930: BRAM read address=0x264 ( 9, 36), data=0x3b ( 59)
Time                15950: BRAM read address=0x265 ( 9, 37), data=0x48 ( 72)
Time                15970: BRAM read address=0x266 ( 9, 38), data=0x58 ( 88)
Time                15990: BRAM read address=0x267 ( 9, 39), data=0x3d ( 61)
Time                16010: BRAM read address=0x268 ( 9, 40), data=0x35 ( 53)
Time                16030: BRAM read address=0x269 ( 9, 41), data=0x43 ( 67)
Time                16050: BRAM read address=0x26a ( 9, 42), data=0x31 ( 49)
Time                16070: BRAM read address=0x26b ( 9, 43), data=0x5d ( 93)
Time                16090: BRAM read address=0x26c ( 9, 44), data=0x40 ( 64)
Time                16110: BRAM read address=0x26d ( 9, 45), data=0x36 ( 54)
Time                16130: BRAM read address=0x26e ( 9, 46), data=0x35 ( 53)
Time                16150: BRAM read address=0x26f ( 9, 47), data=0x24 ( 36)
Time                16170: BRAM read address=0x270 ( 9, 48), data=0x64 (100)
Time                16190: BRAM read address=0x271 ( 9, 49), data=0x49 ( 73)
Time                16210: BRAM read address=0x272 ( 9, 50), data=0x40 ( 64)
Time                16230: BRAM read address=0x273 ( 9, 51), data=0x55 ( 85)
Time                16250: BRAM read address=0x274 ( 9, 52), data=0x37 ( 55)
Time                16270: BRAM read address=0x275 ( 9, 53), data=0x30 ( 48)
Time                16290: BRAM read address=0x276 ( 9, 54), data=0x43 ( 67)
Time                16310: BRAM read address=0x277 ( 9, 55), data=0x67 (103)
Time                16330: BRAM read address=0x278 ( 9, 56), data=0x44 ( 68)
Time                16350: BRAM read address=0x279 ( 9, 57), data=0x29 ( 41)
Time                16370: BRAM read address=0x27a ( 9, 58), data=0x2a ( 42)
Time                16390: BRAM read address=0x27b ( 9, 59), data=0x3f ( 63)
Time                16410: BRAM read address=0x27c ( 9, 60), data=0x49 ( 73)
Time                16430: BRAM read address=0x27d ( 9, 61), data=0x30 ( 48)
Time                16450: BRAM read address=0x27e ( 9, 62), data=0x51 ( 81)
Time                16470: BRAM read address=0x27f ( 9, 63), data=0x39 ( 57)
Time                16490: BRAM read address=0x000 ( 0,  0), data=0x57 ( 87)
Time                16570: BRAM read address=0x280 (10,  0), data=0x4c ( 76)
Time                16590: BRAM read address=0x281 (10,  1), data=0x39 ( 57)
Time                16610: BRAM read address=0x282 (10,  2), data=0x3f ( 63)
Time                16630: BRAM read address=0x283 (10,  3), data=0x3c ( 60)
Time                16650: BRAM read address=0x284 (10,  4), data=0x34 ( 52)
Time                16670: BRAM read address=0x285 (10,  5), data=0x3e ( 62)
Time                16690: BRAM read address=0x286 (10,  6), data=0x2d ( 45)
Time                16710: BRAM read address=0x287 (10,  7), data=0x32 ( 50)
Time                16730: BRAM read address=0x288 (10,  8), data=0x2d ( 45)
Time                16750: BRAM read address=0x289 (10,  9), data=0x33 ( 51)
Time                16770: BRAM read address=0x28a (10, 10), data=0x5d ( 93)
Time                16790: BRAM read address=0x28b (10, 11), data=0x3e ( 62)
Time                16810: BRAM read address=0x28c (10, 12), data=0x3d ( 61)
Time                16830: BRAM read address=0x28d (10, 13), data=0x25 ( 37)
Time                16850: BRAM read address=0x28e (10, 14), data=0x31 ( 49)
Time                16870: BRAM read address=0x28f (10, 15), data=0x44 ( 68)
Time                16890: BRAM read address=0x290 (10, 16), data=0x41 ( 65)
Time                16910: BRAM read address=0x291 (10, 17), data=0x18 ( 24)
Time                16930: BRAM read address=0x292 (10, 18), data=0x51 ( 81)
Time                16950: BRAM read address=0x293 (10, 19), data=0x35 ( 53)
Time                16970: BRAM read address=0x294 (10, 20), data=0x63 ( 99)
Time                16990: BRAM read address=0x295 (10, 21), data=0x6f (111)
Time                17010: BRAM read address=0x296 (10, 22), data=0x4e ( 78)
Time                17030: BRAM read address=0x297 (10, 23), data=0x3c ( 60)
Time                17050: BRAM read address=0x298 (10, 24), data=0x41 ( 65)
Time                17070: BRAM read address=0x299 (10, 25), data=0x28 ( 40)
Time                17090: BRAM read address=0x29a (10, 26), data=0x3b ( 59)
Time                17110: BRAM read address=0x29b (10, 27), data=0x4f ( 79)
Time                17130: BRAM read address=0x29c (10, 28), data=0x46 ( 70)
Time                17150: BRAM read address=0x29d (10, 29), data=0x43 ( 67)
Time                17170: BRAM read address=0x29e (10, 30), data=0x52 ( 82)
Time                17190: BRAM read address=0x29f (10, 31), data=0x2f ( 47)
Time                17210: BRAM read address=0x2a0 (10, 32), data=0x43 ( 67)
Time                17230: BRAM read address=0x2a1 (10, 33), data=0x15 ( 21)
Time                17250: BRAM read address=0x2a2 (10, 34), data=0x37 ( 55)
Time                17270: BRAM read address=0x2a3 (10, 35), data=0x54 ( 84)
Time                17290: BRAM read address=0x2a4 (10, 36), data=0x4c ( 76)
Time                17310: BRAM read address=0x2a5 (10, 37), data=0x5c ( 92)
Time                17330: BRAM read address=0x2a6 (10, 38), data=0x29 ( 41)
Time                17350: BRAM read address=0x2a7 (10, 39), data=0x32 ( 50)
Time                17370: BRAM read address=0x2a8 (10, 40), data=0x31 ( 49)
Time                17390: BRAM read address=0x2a9 (10, 41), data=0x34 ( 52)
Time                17410: BRAM read address=0x2aa (10, 42), data=0x64 (100)
Time                17430: BRAM read address=0x2ab (10, 43), data=0x31 ( 49)
Time                17450: BRAM read address=0x2ac (10, 44), data=0x33 ( 51)
Time                17470: BRAM read address=0x2ad (10, 45), data=0x3c ( 60)
Time                17490: BRAM read address=0x2ae (10, 46), data=0x35 ( 53)
Time                17510: BRAM read address=0x2af (10, 47), data=0x52 ( 82)
Time                17530: BRAM read address=0x2b0 (10, 48), data=0x29 ( 41)
Time                17550: BRAM read address=0x2b1 (10, 49), data=0x3a ( 58)
Time                17570: BRAM read address=0x2b2 (10, 50), data=0x60 ( 96)
Time                17590: BRAM read address=0x2b3 (10, 51), data=0x36 ( 54)
Time                17610: BRAM read address=0x2b4 (10, 52), data=0x4f ( 79)
Time                17630: BRAM read address=0x2b5 (10, 53), data=0x1d ( 29)
Time                17650: BRAM read address=0x2b6 (10, 54), data=0x30 ( 48)
Time                17670: BRAM read address=0x2b7 (10, 55), data=0x1b ( 27)
Time                17690: BRAM read address=0x2b8 (10, 56), data=0x24 ( 36)
Time                17710: BRAM read address=0x2b9 (10, 57), data=0x3b ( 59)
Time                17730: BRAM read address=0x2ba (10, 58), data=0x3a ( 58)
Time                17750: BRAM read address=0x2bb (10, 59), data=0x50 ( 80)
Time                17770: BRAM read address=0x2bc (10, 60), data=0x16 ( 22)
Time                17790: BRAM read address=0x2bd (10, 61), data=0x8d (141)
Time                17810: BRAM read address=0x2be (10, 62), data=0x90 (144)
Time                17830: BRAM read address=0x2bf (10, 63), data=0x0f ( 15)
Time                17850: BRAM read address=0x000 ( 0,  0), data=0x57 ( 87)
Time                17930: BRAM read address=0x2c0 (11,  0), data=0x31 ( 49)
Time                17950: BRAM read address=0x2c1 (11,  1), data=0x4c ( 76)
Time                17970: BRAM read address=0x2c2 (11,  2), data=0x3b ( 59)
Time                17990: BRAM read address=0x2c3 (11,  3), data=0x29 ( 41)
Time                18010: BRAM read address=0x2c4 (11,  4), data=0x39 ( 57)
Time                18030: BRAM read address=0x2c5 (11,  5), data=0x38 ( 56)
Time                18050: BRAM read address=0x2c6 (11,  6), data=0x3d ( 61)
Time                18070: BRAM read address=0x2c7 (11,  7), data=0x46 ( 70)
Time                18090: BRAM read address=0x2c8 (11,  8), data=0x54 ( 84)
Time                18110: BRAM read address=0x2c9 (11,  9), data=0x3f ( 63)
Time                18130: BRAM read address=0x2ca (11, 10), data=0x55 ( 85)
Time                18150: BRAM read address=0x2cb (11, 11), data=0x52 ( 82)
Time                18170: BRAM read address=0x2cc (11, 12), data=0x2e ( 46)
Time                18190: BRAM read address=0x2cd (11, 13), data=0x3b ( 59)
Time                18210: BRAM read address=0x2ce (11, 14), data=0x53 ( 83)
Time                18230: BRAM read address=0x2cf (11, 15), data=0x38 ( 56)
Time                18250: BRAM read address=0x2d0 (11, 16), data=0x31 ( 49)
Time                18270: BRAM read address=0x2d1 (11, 17), data=0x4c ( 76)
Time                18290: BRAM read address=0x2d2 (11, 18), data=0x49 ( 73)
Time                18310: BRAM read address=0x2d3 (11, 19), data=0x5c ( 92)
Time                18330: BRAM read address=0x2d4 (11, 20), data=0x5d ( 93)
Time                18350: BRAM read address=0x2d5 (11, 21), data=0x28 ( 40)
Time                18370: BRAM read address=0x2d6 (11, 22), data=0x34 ( 52)
Time                18390: BRAM read address=0x2d7 (11, 23), data=0x37 ( 55)
Time                18410: BRAM read address=0x2d8 (11, 24), data=0x28 ( 40)
Time                18430: BRAM read address=0x2d9 (11, 25), data=0x62 ( 98)
Time                18450: BRAM read address=0x2da (11, 26), data=0x22 ( 34)
Time                18470: BRAM read address=0x2db (11, 27), data=0x44 ( 68)
Time                18490: BRAM read address=0x2dc (11, 28), data=0x36 ( 54)
Time                18510: BRAM read address=0x2dd (11, 29), data=0x51 ( 81)
Time                18530: BRAM read address=0x2de (11, 30), data=0x5f ( 95)
Time                18550: BRAM read address=0x2df (11, 31), data=0x4d ( 77)
Time                18570: BRAM read address=0x2e0 (11, 32), data=0x43 ( 67)
Time                18590: BRAM read address=0x2e1 (11, 33), data=0x4b ( 75)
Time                18610: BRAM read address=0x2e2 (11, 34), data=0x5c ( 92)
Time                18630: BRAM read address=0x2e3 (11, 35), data=0x33 ( 51)
Time                18650: BRAM read address=0x2e4 (11, 36), data=0x37 ( 55)
Time                18670: BRAM read address=0x2e5 (11, 37), data=0x50 ( 80)
Time                18690: BRAM read address=0x2e6 (11, 38), data=0x2c ( 44)
Time                18710: BRAM read address=0x2e7 (11, 39), data=0x2f ( 47)
Time                18730: BRAM read address=0x2e8 (11, 40), data=0x62 ( 98)
Time                18750: BRAM read address=0x2e9 (11, 41), data=0x45 ( 69)
Time                18770: BRAM read address=0x2ea (11, 42), data=0x37 ( 55)
Time                18790: BRAM read address=0x2eb (11, 43), data=0x49 ( 73)
Time                18810: BRAM read address=0x2ec (11, 44), data=0x44 ( 68)
Time                18830: BRAM read address=0x2ed (11, 45), data=0x32 ( 50)
Time                18850: BRAM read address=0x2ee (11, 46), data=0x62 ( 98)
Time                18870: BRAM read address=0x2ef (11, 47), data=0x51 ( 81)
Time                18890: BRAM read address=0x2f0 (11, 48), data=0x31 ( 49)
Time                18910: BRAM read address=0x2f1 (11, 49), data=0x45 ( 69)
Time                18930: BRAM read address=0x2f2 (11, 50), data=0x34 ( 52)
Time                18950: BRAM read address=0x2f3 (11, 51), data=0x26 ( 38)
Time                18970: BRAM read address=0x2f4 (11, 52), data=0x4e ( 78)
Time                18990: BRAM read address=0x2f5 (11, 53), data=0x24 ( 36)
Time                19010: BRAM read address=0x2f6 (11, 54), data=0x2a ( 42)
Time                19030: BRAM read address=0x2f7 (11, 55), data=0x48 ( 72)
Time                19050: BRAM read address=0x2f8 (11, 56), data=0x49 ( 73)
Time                19070: BRAM read address=0x2f9 (11, 57), data=0x4a ( 74)
Time                19090: BRAM read address=0x2fa (11, 58), data=0x4e ( 78)
Time                19110: BRAM read address=0x2fb (11, 59), data=0x53 ( 83)
Time                19130: BRAM read address=0x2fc (11, 60), data=0x58 ( 88)
Time                19150: BRAM read address=0x2fd (11, 61), data=0x0a ( 10)
Time                19170: BRAM read address=0x2fe (11, 62), data=0x62 ( 98)
Time                19190: BRAM read address=0x2ff (11, 63), data=0x66 (102)
Time                19210: BRAM read address=0x000 ( 0,  0), data=0x57 ( 87)
Time                19290: BRAM read address=0x300 (12,  0), data=0x3e ( 62)
Time                19310: BRAM read address=0x301 (12,  1), data=0x22 ( 34)
Time                19330: BRAM read address=0x302 (12,  2), data=0x35 ( 53)
Time                19350: BRAM read address=0x303 (12,  3), data=0x67 (103)
Time                19370: BRAM read address=0x304 (12,  4), data=0x6b (107)
Time                19390: BRAM read address=0x305 (12,  5), data=0x53 ( 83)
Time                19410: BRAM read address=0x306 (12,  6), data=0x5a ( 90)
Time                19430: BRAM read address=0x307 (12,  7), data=0x47 ( 71)
Time                19450: BRAM read address=0x308 (12,  8), data=0x43 ( 67)
Time                19470: BRAM read address=0x309 (12,  9), data=0x23 ( 35)
Time                19490: BRAM read address=0x30a (12, 10), data=0x40 ( 64)
Time                19510: BRAM read address=0x30b (12, 11), data=0x2f ( 47)
Time                19530: BRAM read address=0x30c (12, 12), data=0x5f ( 95)
Time                19550: BRAM read address=0x30d (12, 13), data=0x22 ( 34)
Time                19570: BRAM read address=0x30e (12, 14), data=0x1e ( 30)
Time                19590: BRAM read address=0x30f (12, 15), data=0x57 ( 87)
Time                19610: BRAM read address=0x310 (12, 16), data=0x4a ( 74)
Time                19630: BRAM read address=0x311 (12, 17), data=0x4a ( 74)
Time                19650: BRAM read address=0x312 (12, 18), data=0x32 ( 50)
Time                19670: BRAM read address=0x313 (12, 19), data=0x28 ( 40)
Time                19690: BRAM read address=0x314 (12, 20), data=0x53 ( 83)
Time                19710: BRAM read address=0x315 (12, 21), data=0x52 ( 82)
Time                19730: BRAM read address=0x316 (12, 22), data=0x50 ( 80)
Time                19750: BRAM read address=0x317 (12, 23), data=0x26 ( 38)
Time                19770: BRAM read address=0x318 (12, 24), data=0x16 ( 22)
Time                19790: BRAM read address=0x319 (12, 25), data=0x34 ( 52)
Time                19810: BRAM read address=0x31a (12, 26), data=0x62 ( 98)
Time                19830: BRAM read address=0x31b (12, 27), data=0x44 ( 68)
Time                19850: BRAM read address=0x31c (12, 28), data=0x3f ( 63)
Time                19870: BRAM read address=0x31d (12, 29), data=0x59 ( 89)
Time                19890: BRAM read address=0x31e (12, 30), data=0x45 ( 69)
Time                19910: BRAM read address=0x31f (12, 31), data=0x5b ( 91)
Time                19930: BRAM read address=0x320 (12, 32), data=0x42 ( 66)
Time                19950: BRAM read address=0x321 (12, 33), data=0x4e ( 78)
Time                19970: BRAM read address=0x322 (12, 34), data=0x4e ( 78)
Time                19990: BRAM read address=0x323 (12, 35), data=0x5d ( 93)
Time                20010: BRAM read address=0x324 (12, 36), data=0x46 ( 70)
Time                20030: BRAM read address=0x325 (12, 37), data=0x31 ( 49)
Time                20050: BRAM read address=0x326 (12, 38), data=0x44 ( 68)
Time                20070: BRAM read address=0x327 (12, 39), data=0x47 ( 71)
Time                20090: BRAM read address=0x328 (12, 40), data=0x41 ( 65)
Time                20110: BRAM read address=0x329 (12, 41), data=0x2b ( 43)
Time                20130: BRAM read address=0x32a (12, 42), data=0x43 ( 67)
Time                20150: BRAM read address=0x32b (12, 43), data=0x2e ( 46)
Time                20170: BRAM read address=0x32c (12, 44), data=0x6b (107)
Time                20190: BRAM read address=0x32d (12, 45), data=0x58 ( 88)
Time                20210: BRAM read address=0x32e (12, 46), data=0x26 ( 38)
Time                20230: BRAM read address=0x32f (12, 47), data=0x62 ( 98)
Time                20250: BRAM read address=0x330 (12, 48), data=0x41 ( 65)
Time                20270: BRAM read address=0x331 (12, 49), data=0x3e ( 62)
Time                20290: BRAM read address=0x332 (12, 50), data=0x43 ( 67)
Time                20310: BRAM read address=0x333 (12, 51), data=0x51 ( 81)
Time                20330: BRAM read address=0x334 (12, 52), data=0x54 ( 84)
Time                20350: BRAM read address=0x335 (12, 53), data=0x44 ( 68)
Time                20370: BRAM read address=0x336 (12, 54), data=0x44 ( 68)
Time                20390: BRAM read address=0x337 (12, 55), data=0x22 ( 34)
Time                20410: BRAM read address=0x338 (12, 56), data=0x10 ( 16)
Time                20430: BRAM read address=0x339 (12, 57), data=0x26 ( 38)
Time                20450: BRAM read address=0x33a (12, 58), data=0x57 ( 87)
Time                20470: BRAM read address=0x33b (12, 59), data=0x1c ( 28)
Time                20490: BRAM read address=0x33c (12, 60), data=0x1a ( 26)
Time                20510: BRAM read address=0x33d (12, 61), data=0x71 (113)
Time                20530: BRAM read address=0x33e (12, 62), data=0x2b ( 43)
Time                20550: BRAM read address=0x33f (12, 63), data=0x11 ( 17)
Time                20570: BRAM read address=0x000 ( 0,  0), data=0x57 ( 87)
Time                20650: BRAM read address=0x340 (13,  0), data=0x32 ( 50)
Time                20670: BRAM read address=0x341 (13,  1), data=0x49 ( 73)
Time                20690: BRAM read address=0x342 (13,  2), data=0x4c ( 76)
Time                20710: BRAM read address=0x343 (13,  3), data=0x47 ( 71)
Time                20730: BRAM read address=0x344 (13,  4), data=0x30 ( 48)
Time                20750: BRAM read address=0x345 (13,  5), data=0x49 ( 73)
Time                20770: BRAM read address=0x346 (13,  6), data=0x35 ( 53)
Time                20790: BRAM read address=0x347 (13,  7), data=0x61 ( 97)
Time                20810: BRAM read address=0x348 (13,  8), data=0x44 ( 68)
Time                20830: BRAM read address=0x349 (13,  9), data=0x3b ( 59)
Time                20850: BRAM read address=0x34a (13, 10), data=0x54 ( 84)
Time                20870: BRAM read address=0x34b (13, 11), data=0x63 ( 99)
Time                20890: BRAM read address=0x34c (13, 12), data=0x1a ( 26)
Time                20910: BRAM read address=0x34d (13, 13), data=0x2a ( 42)
Time                20930: BRAM read address=0x34e (13, 14), data=0x56 ( 86)
Time                20950: BRAM read address=0x34f (13, 15), data=0x48 ( 72)
Time                20970: BRAM read address=0x350 (13, 16), data=0x1e ( 30)
Time                20990: BRAM read address=0x351 (13, 17), data=0x5d ( 93)
Time                21010: BRAM read address=0x352 (13, 18), data=0x3e ( 62)
Time                21030: BRAM read address=0x353 (13, 19), data=0x2e ( 46)
Time                21050: BRAM read address=0x354 (13, 20), data=0x4d ( 77)
Time                21070: BRAM read address=0x355 (13, 21), data=0x43 ( 67)
Time                21090: BRAM read address=0x356 (13, 22), data=0x44 ( 68)
Time                21110: BRAM read address=0x357 (13, 23), data=0x47 ( 71)
Time                21130: BRAM read address=0x358 (13, 24), data=0x5c ( 92)
Time                21150: BRAM read address=0x359 (13, 25), data=0x44 ( 68)
Time                21170: BRAM read address=0x35a (13, 26), data=0x36 ( 54)
Time                21190: BRAM read address=0x35b (13, 27), data=0x3d ( 61)
Time                21210: BRAM read address=0x35c (13, 28), data=0x4e ( 78)
Time                21230: BRAM read address=0x35d (13, 29), data=0x21 ( 33)
Time                21250: BRAM read address=0x35e (13, 30), data=0x4e ( 78)
Time                21270: BRAM read address=0x35f (13, 31), data=0x33 ( 51)
Time                21290: BRAM read address=0x360 (13, 32), data=0x20 ( 32)
Time                21310: BRAM read address=0x361 (13, 33), data=0x56 ( 86)
Time                21330: BRAM read address=0x362 (13, 34), data=0x40 ( 64)
Time                21350: BRAM read address=0x363 (13, 35), data=0x44 ( 68)
Time                21370: BRAM read address=0x364 (13, 36), data=0x5a ( 90)
Time                21390: BRAM read address=0x365 (13, 37), data=0x43 ( 67)
Time                21410: BRAM read address=0x366 (13, 38), data=0x4d ( 77)
Time                21430: BRAM read address=0x367 (13, 39), data=0x41 ( 65)
Time                21450: BRAM read address=0x368 (13, 40), data=0x3d ( 61)
Time                21470: BRAM read address=0x369 (13, 41), data=0x4c ( 76)
Time                21490: BRAM read address=0x36a (13, 42), data=0x67 (103)
Time                21510: BRAM read address=0x36b (13, 43), data=0x51 ( 81)
Time                21530: BRAM read address=0x36c (13, 44), data=0x60 ( 96)
Time                21550: BRAM read address=0x36d (13, 45), data=0x3d ( 61)
Time                21570: BRAM read address=0x36e (13, 46), data=0x71 (113)
Time                21590: BRAM read address=0x36f (13, 47), data=0x34 ( 52)
Time                21610: BRAM read address=0x370 (13, 48), data=0x4c ( 76)
Time                21630: BRAM read address=0x371 (13, 49), data=0x47 ( 71)
Time                21650: BRAM read address=0x372 (13, 50), data=0x3b ( 59)
Time                21670: BRAM read address=0x373 (13, 51), data=0x53 ( 83)
Time                21690: BRAM read address=0x374 (13, 52), data=0x46 ( 70)
Time                21710: BRAM read address=0x375 (13, 53), data=0x66 (102)
Time                21730: BRAM read address=0x376 (13, 54), data=0x28 ( 40)
Time                21750: BRAM read address=0x377 (13, 55), data=0x2b ( 43)
Time                21770: BRAM read address=0x378 (13, 56), data=0x57 ( 87)
Time                21790: BRAM read address=0x379 (13, 57), data=0x4f ( 79)
Time                21810: BRAM read address=0x37a (13, 58), data=0x36 ( 54)
Time                21830: BRAM read address=0x37b (13, 59), data=0x22 ( 34)
Time                21850: BRAM read address=0x37c (13, 60), data=0x62 ( 98)
Time                21870: BRAM read address=0x37d (13, 61), data=0x4d ( 77)
Time                21890: BRAM read address=0x37e (13, 62), data=0x4e ( 78)
Time                21910: BRAM read address=0x37f (13, 63), data=0x51 ( 81)
Time                21930: BRAM read address=0x000 ( 0,  0), data=0x57 ( 87)
Time                22010: BRAM read address=0x380 (14,  0), data=0x3d ( 61)
Time                22030: BRAM read address=0x381 (14,  1), data=0x3b ( 59)
Time                22050: BRAM read address=0x382 (14,  2), data=0x24 ( 36)
Time                22070: BRAM read address=0x383 (14,  3), data=0x71 (113)
Time                22090: BRAM read address=0x384 (14,  4), data=0x19 ( 25)
Time                22110: BRAM read address=0x385 (14,  5), data=0x68 (104)
Time                22130: BRAM read address=0x386 (14,  6), data=0x37 ( 55)
Time                22150: BRAM read address=0x387 (14,  7), data=0x4a ( 74)
Time                22170: BRAM read address=0x388 (14,  8), data=0x3c ( 60)
Time                22190: BRAM read address=0x389 (14,  9), data=0x6a (106)
Time                22210: BRAM read address=0x38a (14, 10), data=0x4c ( 76)
Time                22230: BRAM read address=0x38b (14, 11), data=0x47 ( 71)
Time                22250: BRAM read address=0x38c (14, 12), data=0x29 ( 41)
Time                22270: BRAM read address=0x38d (14, 13), data=0x28 ( 40)
Time                22290: BRAM read address=0x38e (14, 14), data=0x58 ( 88)
Time                22310: BRAM read address=0x38f (14, 15), data=0x2a ( 42)
Time                22330: BRAM read address=0x390 (14, 16), data=0x1c ( 28)
Time                22350: BRAM read address=0x391 (14, 17), data=0x40 ( 64)
Time                22370: BRAM read address=0x392 (14, 18), data=0x38 ( 56)
Time                22390: BRAM read address=0x393 (14, 19), data=0x43 ( 67)
Time                22410: BRAM read address=0x394 (14, 20), data=0x4e ( 78)
Time                22430: BRAM read address=0x395 (14, 21), data=0x1a ( 26)
Time                22450: BRAM read address=0x396 (14, 22), data=0x44 ( 68)
Time                22470: BRAM read address=0x397 (14, 23), data=0x5e ( 94)
Time                22490: BRAM read address=0x398 (14, 24), data=0x27 ( 39)
Time                22510: BRAM read address=0x399 (14, 25), data=0x1c ( 28)
Time                22530: BRAM read address=0x39a (14, 26), data=0x1f ( 31)
Time                22550: BRAM read address=0x39b (14, 27), data=0x43 ( 67)
Time                22570: BRAM read address=0x39c (14, 28), data=0x42 ( 66)
Time                22590: BRAM read address=0x39d (14, 29), data=0x4c ( 76)
Time                22610: BRAM read address=0x39e (14, 30), data=0x34 ( 52)
Time                22630: BRAM read address=0x39f (14, 31), data=0x44 ( 68)
Time                22650: BRAM read address=0x3a0 (14, 32), data=0x19 ( 25)
Time                22670: BRAM read address=0x3a1 (14, 33), data=0x4d ( 77)
Time                22690: BRAM read address=0x3a2 (14, 34), data=0x5f ( 95)
Time                22710: BRAM read address=0x3a3 (14, 35), data=0x62 ( 98)
Time                22730: BRAM read address=0x3a4 (14, 36), data=0x4b ( 75)
Time                22750: BRAM read address=0x3a5 (14, 37), data=0x49 ( 73)
Time                22770: BRAM read address=0x3a6 (14, 38), data=0x4d ( 77)
Time                22790: BRAM read address=0x3a7 (14, 39), data=0x4b ( 75)
Time                22810: BRAM read address=0x3a8 (14, 40), data=0x34 ( 52)
Time                22830: BRAM read address=0x3a9 (14, 41), data=0x4e ( 78)
Time                22850: BRAM read address=0x3aa (14, 42), data=0x42 ( 66)
Time                22870: BRAM read address=0x3ab (14, 43), data=0x53 ( 83)
Time                22890: BRAM read address=0x3ac (14, 44), data=0x32 ( 50)
Time                22910: BRAM read address=0x3ad (14, 45), data=0x48 ( 72)
Time                22930: BRAM read address=0x3ae (14, 46), data=0x4a ( 74)
Time                22950: BRAM read address=0x3af (14, 47), data=0x5c ( 92)
Time                22970: BRAM read address=0x3b0 (14, 48), data=0x44 ( 68)
Time                22990: BRAM read address=0x3b1 (14, 49), data=0x4b ( 75)
Time                23010: BRAM read address=0x3b2 (14, 50), data=0x22 ( 34)
Time                23030: BRAM read address=0x3b3 (14, 51), data=0x45 ( 69)
Time                23050: BRAM read address=0x3b4 (14, 52), data=0x2a ( 42)
Time                23070: BRAM read address=0x3b5 (14, 53), data=0x15 ( 21)
Time                23090: BRAM read address=0x3b6 (14, 54), data=0x3b ( 59)
Time                23110: BRAM read address=0x3b7 (14, 55), data=0x53 ( 83)
Time                23130: BRAM read address=0x3b8 (14, 56), data=0x1c ( 28)
Time                23150: BRAM read address=0x3b9 (14, 57), data=0x2f ( 47)
Time                23170: BRAM read address=0x3ba (14, 58), data=0x80 (128)
Time                23190: BRAM read address=0x3bb (14, 59), data=0x30 ( 48)
Time                23210: BRAM read address=0x3bc (14, 60), data=0x40 ( 64)
Time                23230: BRAM read address=0x3bd (14, 61), data=0x37 ( 55)
Time                23250: BRAM read address=0x3be (14, 62), data=0x60 ( 96)
Time                23270: BRAM read address=0x3bf (14, 63), data=0x5c ( 92)
Time                23290: BRAM read address=0x000 ( 0,  0), data=0x57 ( 87)
Time                23370: BRAM read address=0x3c0 (15,  0), data=0x27 ( 39)
Time                23390: BRAM read address=0x3c1 (15,  1), data=0x38 ( 56)
Time                23410: BRAM read address=0x3c2 (15,  2), data=0x50 ( 80)
Time                23430: BRAM read address=0x3c3 (15,  3), data=0x5a ( 90)
Time                23450: BRAM read address=0x3c4 (15,  4), data=0x60 ( 96)
Time                23470: BRAM read address=0x3c5 (15,  5), data=0x47 ( 71)
Time                23490: BRAM read address=0x3c6 (15,  6), data=0x56 ( 86)
Time                23510: BRAM read address=0x3c7 (15,  7), data=0x2b ( 43)
Time                23530: BRAM read address=0x3c8 (15,  8), data=0x4d ( 77)
Time                23550: BRAM read address=0x3c9 (15,  9), data=0x3b ( 59)
Time                23570: BRAM read address=0x3ca (15, 10), data=0x47 ( 71)
Time                23590: BRAM read address=0x3cb (15, 11), data=0x40 ( 64)
Time                23610: BRAM read address=0x3cc (15, 12), data=0x6e (110)
Time                23630: BRAM read address=0x3cd (15, 13), data=0x2b ( 43)
Time                23650: BRAM read address=0x3ce (15, 14), data=0x41 ( 65)
Time                23670: BRAM read address=0x3cf (15, 15), data=0x30 ( 48)
Time                23690: BRAM read address=0x3d0 (15, 16), data=0x58 ( 88)
Time                23710: BRAM read address=0x3d1 (15, 17), data=0x2a ( 42)
Time                23730: BRAM read address=0x3d2 (15, 18), data=0x33 ( 51)
Time                23750: BRAM read address=0x3d3 (15, 19), data=0x57 ( 87)
Time                23770: BRAM read address=0x3d4 (15, 20), data=0x23 ( 35)
Time                23790: BRAM read address=0x3d5 (15, 21), data=0x34 ( 52)
Time                23810: BRAM read address=0x3d6 (15, 22), data=0x2e ( 46)
Time                23830: BRAM read address=0x3d7 (15, 23), data=0x49 ( 73)
Time                23850: BRAM read address=0x3d8 (15, 24), data=0x3a ( 58)
Time                23870: BRAM read address=0x3d9 (15, 25), data=0x61 ( 97)
Time                23890: BRAM read address=0x3da (15, 26), data=0x2d ( 45)
Time                23910: BRAM read address=0x3db (15, 27), data=0x27 ( 39)
Time                23930: BRAM read address=0x3dc (15, 28), data=0x56 ( 86)
Time                23950: BRAM read address=0x3dd (15, 29), data=0x26 ( 38)
Time                23970: BRAM read address=0x3de (15, 30), data=0x40 ( 64)
Time                23990: BRAM read address=0x3df (15, 31), data=0x3f ( 63)
Time                24010: BRAM read address=0x3e0 (15, 32), data=0x6d (109)
Time                24030: BRAM read address=0x3e1 (15, 33), data=0x25 ( 37)
Time                24050: BRAM read address=0x3e2 (15, 34), data=0x2e ( 46)
Time                24070: BRAM read address=0x3e3 (15, 35), data=0x1e ( 30)
Time                24090: BRAM read address=0x3e4 (15, 36), data=0x5c ( 92)
Time                24110: BRAM read address=0x3e5 (15, 37), data=0x40 ( 64)
Time                24130: BRAM read address=0x3e6 (15, 38), data=0x33 ( 51)
Time                24150: BRAM read address=0x3e7 (15, 39), data=0x21 ( 33)
Time                24170: BRAM read address=0x3e8 (15, 40), data=0x47 ( 71)
Time                24190: BRAM read address=0x3e9 (15, 41), data=0x3a ( 58)
Time                24210: BRAM read address=0x3ea (15, 42), data=0x42 ( 66)
Time                24230: BRAM read address=0x3eb (15, 43), data=0x54 ( 84)
Time                24250: BRAM read address=0x3ec (15, 44), data=0x45 ( 69)
Time                24270: BRAM read address=0x3ed (15, 45), data=0x3f ( 63)
Time                24290: BRAM read address=0x3ee (15, 46), data=0x3f ( 63)
Time                24310: BRAM read address=0x3ef (15, 47), data=0x57 ( 87)
Time                24330: BRAM read address=0x3f0 (15, 48), data=0x52 ( 82)
Time                24350: BRAM read address=0x3f1 (15, 49), data=0x30 ( 48)
Time                24370: BRAM read address=0x3f2 (15, 50), data=0x29 ( 41)
Time                24390: BRAM read address=0x3f3 (15, 51), data=0x3b ( 59)
Time                24410: BRAM read address=0x3f4 (15, 52), data=0x49 ( 73)
Time                24430: BRAM read address=0x3f5 (15, 53), data=0x3f ( 63)
Time                24450: BRAM read address=0x3f6 (15, 54), data=0x54 ( 84)
Time                24470: BRAM read address=0x3f7 (15, 55), data=0x2b ( 43)
Time                24490: BRAM read address=0x3f8 (15, 56), data=0x58 ( 88)
Time                24510: BRAM read address=0x3f9 (15, 57), data=0x60 ( 96)
Time                24530: BRAM read address=0x3fa (15, 58), data=0x17 ( 23)
Time                24550: BRAM read address=0x3fb (15, 59), data=0x5c ( 92)
Time                24570: BRAM read address=0x3fc (15, 60), data=0x4e ( 78)
Time                24590: BRAM read address=0x3fd (15, 61), data=0x23 ( 35)
Time                24610: BRAM read address=0x3fe (15, 62), data=0x1d ( 29)
Time                24630: BRAM read address=0x3ff (15, 63), data=0x5a ( 90)
Time                24650: BRAM read address=0x000 ( 0,  0), data=0x57 ( 87)
Time                24730: BRAM read address=0x400 (16,  0), data=0x24 ( 36)
Time                24750: BRAM read address=0x401 (16,  1), data=0x35 ( 53)
Time                24770: BRAM read address=0x402 (16,  2), data=0x1f ( 31)
Time                24790: BRAM read address=0x403 (16,  3), data=0x2d ( 45)
Time                24810: BRAM read address=0x404 (16,  4), data=0x03 (  3)
Time                24830: BRAM read address=0x405 (16,  5), data=0x3d ( 61)
Time                24850: BRAM read address=0x406 (16,  6), data=0x53 ( 83)
Time                24870: BRAM read address=0x407 (16,  7), data=0x52 ( 82)
Time                24890: BRAM read address=0x408 (16,  8), data=0x21 ( 33)
Time                24910: BRAM read address=0x409 (16,  9), data=0x53 ( 83)
Time                24930: BRAM read address=0x40a (16, 10), data=0x5e ( 94)
Time                24950: BRAM read address=0x40b (16, 11), data=0x2d ( 45)
Time                24970: BRAM read address=0x40c (16, 12), data=0x3f ( 63)
Time                24990: BRAM read address=0x40d (16, 13), data=0x42 ( 66)
Time                25010: BRAM read address=0x40e (16, 14), data=0x16 ( 22)
Time                25030: BRAM read address=0x40f (16, 15), data=0x34 ( 52)
Time                25050: BRAM read address=0x410 (16, 16), data=0x2f ( 47)
Time                25070: BRAM read address=0x411 (16, 17), data=0x65 (101)
Time                25090: BRAM read address=0x412 (16, 18), data=0x1f ( 31)
Time                25110: BRAM read address=0x413 (16, 19), data=0x5c ( 92)
Time                25130: BRAM read address=0x414 (16, 20), data=0x4a ( 74)
Time                25150: BRAM read address=0x415 (16, 21), data=0x3c ( 60)
Time                25170: BRAM read address=0x416 (16, 22), data=0x58 ( 88)
Time                25190: BRAM read address=0x417 (16, 23), data=0x1b ( 27)
Time                25210: BRAM read address=0x418 (16, 24), data=0x32 ( 50)
Time                25230: BRAM read address=0x419 (16, 25), data=0x69 (105)
Time                25250: BRAM read address=0x41a (16, 26), data=0x45 ( 69)
Time                25270: BRAM read address=0x41b (16, 27), data=0x66 (102)
Time                25290: BRAM read address=0x41c (16, 28), data=0x57 ( 87)
Time                25310: BRAM read address=0x41d (16, 29), data=0x55 ( 85)
Time                25330: BRAM read address=0x41e (16, 30), data=0x64 (100)
Time                25350: BRAM read address=0x41f (16, 31), data=0x0e ( 14)
Time                25370: BRAM read address=0x420 (16, 32), data=0x3a ( 58)
Time                25390: BRAM read address=0x421 (16, 33), data=0x45 ( 69)
Time                25410: BRAM read address=0x422 (16, 34), data=0x19 ( 25)
Time                25430: BRAM read address=0x423 (16, 35), data=0x51 ( 81)
Time                25450: BRAM read address=0x424 (16, 36), data=0x2e ( 46)
Time                25470: BRAM read address=0x425 (16, 37), data=0x47 ( 71)
Time                25490: BRAM read address=0x426 (16, 38), data=0x34 ( 52)
Time                25510: BRAM read address=0x427 (16, 39), data=0x4c ( 76)
Time                25530: BRAM read address=0x428 (16, 40), data=0x4d ( 77)
Time                25550: BRAM read address=0x429 (16, 41), data=0x45 ( 69)
Time                25570: BRAM read address=0x42a (16, 42), data=0x35 ( 53)
Time                25590: BRAM read address=0x42b (16, 43), data=0x36 ( 54)
Time                25610: BRAM read address=0x42c (16, 44), data=0x5c ( 92)
Time                25630: BRAM read address=0x42d (16, 45), data=0x42 ( 66)
Time                25650: BRAM read address=0x42e (16, 46), data=0x2d ( 45)
Time                25670: BRAM read address=0x42f (16, 47), data=0x4c ( 76)
Time                25690: BRAM read address=0x430 (16, 48), data=0x4e ( 78)
Time                25710: BRAM read address=0x431 (16, 49), data=0x46 ( 70)
Time                25730: BRAM read address=0x432 (16, 50), data=0x4a ( 74)
Time                25750: BRAM read address=0x433 (16, 51), data=0x5f ( 95)
Time                25770: BRAM read address=0x434 (16, 52), data=0x55 ( 85)
Time                25790: BRAM read address=0x435 (16, 53), data=0x2f ( 47)
Time                25810: BRAM read address=0x436 (16, 54), data=0x2b ( 43)
Time                25830: BRAM read address=0x437 (16, 55), data=0x49 ( 73)
Time                25850: BRAM read address=0x438 (16, 56), data=0x60 ( 96)
Time                25870: BRAM read address=0x439 (16, 57), data=0x4c ( 76)
Time                25890: BRAM read address=0x43a (16, 58), data=0x57 ( 87)
Time                25910: BRAM read address=0x43b (16, 59), data=0x4a ( 74)
Time                25930: BRAM read address=0x43c (16, 60), data=0x35 ( 53)
Time                25950: BRAM read address=0x43d (16, 61), data=0x33 ( 51)
Time                25970: BRAM read address=0x43e (16, 62), data=0x41 ( 65)
Time                25990: BRAM read address=0x43f (16, 63), data=0x3d ( 61)
Time                26010: BRAM read address=0x000 ( 0,  0), data=0x57 ( 87)
Time                26090: BRAM read address=0x440 (17,  0), data=0x3c ( 60)
Time                26110: BRAM read address=0x441 (17,  1), data=0x3e ( 62)
Time                26130: BRAM read address=0x442 (17,  2), data=0x45 ( 69)
Time                26150: BRAM read address=0x443 (17,  3), data=0x18 ( 24)
Time                26170: BRAM read address=0x444 (17,  4), data=0x27 ( 39)
Time                26190: BRAM read address=0x445 (17,  5), data=0x33 ( 51)
Time                26210: BRAM read address=0x446 (17,  6), data=0x36 ( 54)
Time                26230: BRAM read address=0x447 (17,  7), data=0x39 ( 57)
Time                26250: BRAM read address=0x448 (17,  8), data=0x2d ( 45)
Time                26270: BRAM read address=0x449 (17,  9), data=0x28 ( 40)
Time                26290: BRAM read address=0x44a (17, 10), data=0x37 ( 55)
Time                26310: BRAM read address=0x44b (17, 11), data=0x58 ( 88)
Time                26330: BRAM read address=0x44c (17, 12), data=0x26 ( 38)
Time                26350: BRAM read address=0x44d (17, 13), data=0x48 ( 72)
Time                26370: BRAM read address=0x44e (17, 14), data=0x36 ( 54)
Time                26390: BRAM read address=0x44f (17, 15), data=0x3d ( 61)
Time                26410: BRAM read address=0x450 (17, 16), data=0x62 ( 98)
Time                26430: BRAM read address=0x451 (17, 17), data=0x4b ( 75)
Time                26450: BRAM read address=0x452 (17, 18), data=0x52 ( 82)
Time                26470: BRAM read address=0x453 (17, 19), data=0x43 ( 67)
Time                26490: BRAM read address=0x454 (17, 20), data=0x1b ( 27)
Time                26510: BRAM read address=0x455 (17, 21), data=0x3b ( 59)
Time                26530: BRAM read address=0x456 (17, 22), data=0x29 ( 41)
Time                26550: BRAM read address=0x457 (17, 23), data=0x2e ( 46)
Time                26570: BRAM read address=0x458 (17, 24), data=0x44 ( 68)
Time                26590: BRAM read address=0x459 (17, 25), data=0x39 ( 57)
Time                26610: BRAM read address=0x45a (17, 26), data=0x4e ( 78)
Time                26630: BRAM read address=0x45b (17, 27), data=0x3d ( 61)
Time                26650: BRAM read address=0x45c (17, 28), data=0x33 ( 51)
Time                26670: BRAM read address=0x45d (17, 29), data=0x44 ( 68)
Time                26690: BRAM read address=0x45e (17, 30), data=0x5d ( 93)
Time                26710: BRAM read address=0x45f (17, 31), data=0x27 ( 39)
Time                26730: BRAM read address=0x460 (17, 32), data=0x2f ( 47)
Time                26750: BRAM read address=0x461 (17, 33), data=0x37 ( 55)
Time                26770: BRAM read address=0x462 (17, 34), data=0x69 (105)
Time                26790: BRAM read address=0x463 (17, 35), data=0x2d ( 45)
Time                26810: BRAM read address=0x464 (17, 36), data=0x37 ( 55)
Time                26830: BRAM read address=0x465 (17, 37), data=0x46 ( 70)
Time                26850: BRAM read address=0x466 (17, 38), data=0x34 ( 52)
Time                26870: BRAM read address=0x467 (17, 39), data=0x58 ( 88)
Time                26890: BRAM read address=0x468 (17, 40), data=0x3e ( 62)
Time                26910: BRAM read address=0x469 (17, 41), data=0x1b ( 27)
Time                26930: BRAM read address=0x46a (17, 42), data=0x4a ( 74)
Time                26950: BRAM read address=0x46b (17, 43), data=0x49 ( 73)
Time                26970: BRAM read address=0x46c (17, 44), data=0x4b ( 75)
Time                26990: BRAM read address=0x46d (17, 45), data=0x43 ( 67)
Time                27010: BRAM read address=0x46e (17, 46), data=0x4a ( 74)
Time                27030: BRAM read address=0x46f (17, 47), data=0x41 ( 65)
Time                27050: BRAM read address=0x470 (17, 48), data=0x3b ( 59)
Time                27070: BRAM read address=0x471 (17, 49), data=0x3f ( 63)
Time                27090: BRAM read address=0x472 (17, 50), data=0x45 ( 69)
Time                27110: BRAM read address=0x473 (17, 51), data=0x18 ( 24)
Time                27130: BRAM read address=0x474 (17, 52), data=0x49 ( 73)
Time                27150: BRAM read address=0x475 (17, 53), data=0x26 ( 38)
Time                27170: BRAM read address=0x476 (17, 54), data=0x51 ( 81)
Time                27190: BRAM read address=0x477 (17, 55), data=0x3e ( 62)
Time                27210: BRAM read address=0x478 (17, 56), data=0x45 ( 69)
Time                27230: BRAM read address=0x479 (17, 57), data=0x48 ( 72)
Time                27250: BRAM read address=0x47a (17, 58), data=0x5a ( 90)
Time                27270: BRAM read address=0x47b (17, 59), data=0x4a ( 74)
Time                27290: BRAM read address=0x47c (17, 60), data=0x2e ( 46)
Time                27310: BRAM read address=0x47d (17, 61), data=0x3a ( 58)
Time                27330: BRAM read address=0x47e (17, 62), data=0x2e ( 46)
Time                27350: BRAM read address=0x47f (17, 63), data=0x3f ( 63)
Time                27370: BRAM read address=0x000 ( 0,  0), data=0x57 ( 87)
Time                27450: BRAM read address=0x480 (18,  0), data=0x4b ( 75)
Time                27470: BRAM read address=0x481 (18,  1), data=0x51 ( 81)
Time                27490: BRAM read address=0x482 (18,  2), data=0x4d ( 77)
Time                27510: BRAM read address=0x483 (18,  3), data=0x35 ( 53)
Time                27530: BRAM read address=0x484 (18,  4), data=0x4b ( 75)
Time                27550: BRAM read address=0x485 (18,  5), data=0x38 ( 56)
Time                27570: BRAM read address=0x486 (18,  6), data=0x41 ( 65)
Time                27590: BRAM read address=0x487 (18,  7), data=0x3a ( 58)
Time                27610: BRAM read address=0x488 (18,  8), data=0x44 ( 68)
Time                27630: BRAM read address=0x489 (18,  9), data=0x3f ( 63)
Time                27650: BRAM read address=0x48a (18, 10), data=0x27 ( 39)
Time                27670: BRAM read address=0x48b (18, 11), data=0x46 ( 70)
Time                27690: BRAM read address=0x48c (18, 12), data=0x44 ( 68)
Time                27710: BRAM read address=0x48d (18, 13), data=0x3f ( 63)
Time                27730: BRAM read address=0x48e (18, 14), data=0x39 ( 57)
Time                27750: BRAM read address=0x48f (18, 15), data=0x48 ( 72)
Time                27770: BRAM read address=0x490 (18, 16), data=0x03 (  3)
Time                27790: BRAM read address=0x491 (18, 17), data=0x5c ( 92)
Time                27810: BRAM read address=0x492 (18, 18), data=0x5c ( 92)
Time                27830: BRAM read address=0x493 (18, 19), data=0x26 ( 38)
Time                27850: BRAM read address=0x494 (18, 20), data=0x3d ( 61)
Time                27870: BRAM read address=0x495 (18, 21), data=0x4c ( 76)
Time                27890: BRAM read address=0x496 (18, 22), data=0x53 ( 83)
Time                27910: BRAM read address=0x497 (18, 23), data=0x49 ( 73)
Time                27930: BRAM read address=0x498 (18, 24), data=0x3b ( 59)
Time                27950: BRAM read address=0x499 (18, 25), data=0x22 ( 34)
Time                27970: BRAM read address=0x49a (18, 26), data=0x2e ( 46)
Time                27990: BRAM read address=0x49b (18, 27), data=0x50 ( 80)
Time                28010: BRAM read address=0x49c (18, 28), data=0x2d ( 45)
Time                28030: BRAM read address=0x49d (18, 29), data=0x57 ( 87)
Time                28050: BRAM read address=0x49e (18, 30), data=0x27 ( 39)
Time                28070: BRAM read address=0x49f (18, 31), data=0x51 ( 81)
Time                28090: BRAM read address=0x4a0 (18, 32), data=0x2f ( 47)
Time                28110: BRAM read address=0x4a1 (18, 33), data=0x48 ( 72)
Time                28130: BRAM read address=0x4a2 (18, 34), data=0x35 ( 53)
Time                28150: BRAM read address=0x4a3 (18, 35), data=0x4e ( 78)
Time                28170: BRAM read address=0x4a4 (18, 36), data=0x44 ( 68)
Time                28190: BRAM read address=0x4a5 (18, 37), data=0x45 ( 69)
Time                28210: BRAM read address=0x4a6 (18, 38), data=0x4d ( 77)
Time                28230: BRAM read address=0x4a7 (18, 39), data=0x27 ( 39)
Time                28250: BRAM read address=0x4a8 (18, 40), data=0x3b ( 59)
Time                28270: BRAM read address=0x4a9 (18, 41), data=0x2b ( 43)
Time                28290: BRAM read address=0x4aa (18, 42), data=0x1a ( 26)
Time                28310: BRAM read address=0x4ab (18, 43), data=0x3c ( 60)
Time                28330: BRAM read address=0x4ac (18, 44), data=0x2a ( 42)
Time                28350: BRAM read address=0x4ad (18, 45), data=0x4d ( 77)
Time                28370: BRAM read address=0x4ae (18, 46), data=0x35 ( 53)
Time                28390: BRAM read address=0x4af (18, 47), data=0x3d ( 61)
Time                28410: BRAM read address=0x4b0 (18, 48), data=0x15 ( 21)
Time                28430: BRAM read address=0x4b1 (18, 49), data=0x55 ( 85)
Time                28450: BRAM read address=0x4b2 (18, 50), data=0x3a ( 58)
Time                28470: BRAM read address=0x4b3 (18, 51), data=0x51 ( 81)
Time                28490: BRAM read address=0x4b4 (18, 52), data=0x3b ( 59)
Time                28510: BRAM read address=0x4b5 (18, 53), data=0x4b ( 75)
Time                28530: BRAM read address=0x4b6 (18, 54), data=0x2c ( 44)
Time                28550: BRAM read address=0x4b7 (18, 55), data=0x55 ( 85)
Time                28570: BRAM read address=0x4b8 (18, 56), data=0x3d ( 61)
Time                28590: BRAM read address=0x4b9 (18, 57), data=0x45 ( 69)
Time                28610: BRAM read address=0x4ba (18, 58), data=0x34 ( 52)
Time                28630: BRAM read address=0x4bb (18, 59), data=0x00 (  0)
Time                28650: BRAM read address=0x4bc (18, 60), data=0x32 ( 50)
Time                28670: BRAM read address=0x4bd (18, 61), data=0x2c ( 44)
Time                28690: BRAM read address=0x4be (18, 62), data=0x4d ( 77)
Time                28710: BRAM read address=0x4bf (18, 63), data=0x46 ( 70)
Time                28730: BRAM read address=0x000 ( 0,  0), data=0x57 ( 87)
Time                28810: BRAM read address=0x4c0 (19,  0), data=0x4a ( 74)
Time                28830: BRAM read address=0x4c1 (19,  1), data=0x21 ( 33)
Time                28850: BRAM read address=0x4c2 (19,  2), data=0x5c ( 92)
Time                28870: BRAM read address=0x4c3 (19,  3), data=0x3d ( 61)
Time                28890: BRAM read address=0x4c4 (19,  4), data=0x38 ( 56)
Time                28910: BRAM read address=0x4c5 (19,  5), data=0x48 ( 72)
Time                28930: BRAM read address=0x4c6 (19,  6), data=0x14 ( 20)
Time                28950: BRAM read address=0x4c7 (19,  7), data=0x35 ( 53)
Time                28970: BRAM read address=0x4c8 (19,  8), data=0x4e ( 78)
Time                28990: BRAM read address=0x4c9 (19,  9), data=0x3a ( 58)
Time                29010: BRAM read address=0x4ca (19, 10), data=0x53 ( 83)
Time                29030: BRAM read address=0x4cb (19, 11), data=0x3c ( 60)
Time                29050: BRAM read address=0x4cc (19, 12), data=0x5e ( 94)
Time                29070: BRAM read address=0x4cd (19, 13), data=0x50 ( 80)
Time                29090: BRAM read address=0x4ce (19, 14), data=0x5d ( 93)
Time                29110: BRAM read address=0x4cf (19, 15), data=0x34 ( 52)
Time                29130: BRAM read address=0x4d0 (19, 16), data=0x31 ( 49)
Time                29150: BRAM read address=0x4d1 (19, 17), data=0x45 ( 69)
Time                29170: BRAM read address=0x4d2 (19, 18), data=0x3c ( 60)
Time                29190: BRAM read address=0x4d3 (19, 19), data=0x3f ( 63)
Time                29210: BRAM read address=0x4d4 (19, 20), data=0x40 ( 64)
Time                29230: BRAM read address=0x4d5 (19, 21), data=0x3f ( 63)
Time                29250: BRAM read address=0x4d6 (19, 22), data=0x1f ( 31)
Time                29270: BRAM read address=0x4d7 (19, 23), data=0x2e ( 46)
Time                29290: BRAM read address=0x4d8 (19, 24), data=0x17 ( 23)
Time                29310: BRAM read address=0x4d9 (19, 25), data=0x4c ( 76)
Time                29330: BRAM read address=0x4da (19, 26), data=0x5b ( 91)
Time                29350: BRAM read address=0x4db (19, 27), data=0x59 ( 89)
Time                29370: BRAM read address=0x4dc (19, 28), data=0x39 ( 57)
Time                29390: BRAM read address=0x4dd (19, 29), data=0x45 ( 69)
Time                29410: BRAM read address=0x4de (19, 30), data=0x5d ( 93)
Time                29430: BRAM read address=0x4df (19, 31), data=0x56 ( 86)
Time                29450: BRAM read address=0x4e0 (19, 32), data=0x53 ( 83)
Time                29470: BRAM read address=0x4e1 (19, 33), data=0x47 ( 71)
Time                29490: BRAM read address=0x4e2 (19, 34), data=0x44 ( 68)
Time                29510: BRAM read address=0x4e3 (19, 35), data=0x64 (100)
Time                29530: BRAM read address=0x4e4 (19, 36), data=0x3f ( 63)
Time                29550: BRAM read address=0x4e5 (19, 37), data=0x3b ( 59)
Time                29570: BRAM read address=0x4e6 (19, 38), data=0x4c ( 76)
Time                29590: BRAM read address=0x4e7 (19, 39), data=0x41 ( 65)
Time                29610: BRAM read address=0x4e8 (19, 40), data=0x2c ( 44)
Time                29630: BRAM read address=0x4e9 (19, 41), data=0x4c ( 76)
Time                29650: BRAM read address=0x4ea (19, 42), data=0x52 ( 82)
Time                29670: BRAM read address=0x4eb (19, 43), data=0x3e ( 62)
Time                29690: BRAM read address=0x4ec (19, 44), data=0x39 ( 57)
Time                29710: BRAM read address=0x4ed (19, 45), data=0x4e ( 78)
Time                29730: BRAM read address=0x4ee (19, 46), data=0x2b ( 43)
Time                29750: BRAM read address=0x4ef (19, 47), data=0x31 ( 49)
Time                29770: BRAM read address=0x4f0 (19, 48), data=0x3f ( 63)
Time                29790: BRAM read address=0x4f1 (19, 49), data=0x5c ( 92)
Time                29810: BRAM read address=0x4f2 (19, 50), data=0x4a ( 74)
Time                29830: BRAM read address=0x4f3 (19, 51), data=0x56 ( 86)
Time                29850: BRAM read address=0x4f4 (19, 52), data=0x4e ( 78)
Time                29870: BRAM read address=0x4f5 (19, 53), data=0x65 (101)
Time                29890: BRAM read address=0x4f6 (19, 54), data=0x3a ( 58)
Time                29910: BRAM read address=0x4f7 (19, 55), data=0x4c ( 76)
Time                29930: BRAM read address=0x4f8 (19, 56), data=0x30 ( 48)
Time                29950: BRAM read address=0x4f9 (19, 57), data=0x43 ( 67)
Time                29970: BRAM read address=0x4fa (19, 58), data=0x43 ( 67)
Time                29990: BRAM read address=0x4fb (19, 59), data=0x1f ( 31)
Time                30010: BRAM read address=0x4fc (19, 60), data=0x45 ( 69)
Time                30030: BRAM read address=0x4fd (19, 61), data=0x3f ( 63)
Time                30050: BRAM read address=0x4fe (19, 62), data=0x58 ( 88)
Time                30070: BRAM read address=0x4ff (19, 63), data=0x35 ( 53)
Time                30090: BRAM read address=0x000 ( 0,  0), data=0x57 ( 87)
Time                30170: BRAM read address=0x500 (20,  0), data=0x4c ( 76)
Time                30190: BRAM read address=0x501 (20,  1), data=0x4d ( 77)
Time                30210: BRAM read address=0x502 (20,  2), data=0x37 ( 55)
Time                30230: BRAM read address=0x503 (20,  3), data=0x2d ( 45)
Time                30250: BRAM read address=0x504 (20,  4), data=0x56 ( 86)
Time                30270: BRAM read address=0x505 (20,  5), data=0x56 ( 86)
Time                30290: BRAM read address=0x506 (20,  6), data=0x52 ( 82)
Time                30310: BRAM read address=0x507 (20,  7), data=0x5e ( 94)
Time                30330: BRAM read address=0x508 (20,  8), data=0x34 ( 52)
Time                30350: BRAM read address=0x509 (20,  9), data=0x1a ( 26)
Time                30370: BRAM read address=0x50a (20, 10), data=0x17 ( 23)
Time                30390: BRAM read address=0x50b (20, 11), data=0x4c ( 76)
Time                30410: BRAM read address=0x50c (20, 12), data=0x4b ( 75)
Time                30430: BRAM read address=0x50d (20, 13), data=0x3a ( 58)
Time                30450: BRAM read address=0x50e (20, 14), data=0x37 ( 55)
Time                30470: BRAM read address=0x50f (20, 15), data=0x57 ( 87)
Time                30490: BRAM read address=0x510 (20, 16), data=0x2f ( 47)
Time                30510: BRAM read address=0x511 (20, 17), data=0x36 ( 54)
Time                30530: BRAM read address=0x512 (20, 18), data=0x31 ( 49)
Time                30550: BRAM read address=0x513 (20, 19), data=0x47 ( 71)
Time                30570: BRAM read address=0x514 (20, 20), data=0x4d ( 77)
Time                30590: BRAM read address=0x515 (20, 21), data=0x43 ( 67)
Time                30610: BRAM read address=0x516 (20, 22), data=0x42 ( 66)
Time                30630: BRAM read address=0x517 (20, 23), data=0x43 ( 67)
Time                30650: BRAM read address=0x518 (20, 24), data=0x45 ( 69)
Time                30670: BRAM read address=0x519 (20, 25), data=0x36 ( 54)
Time                30690: BRAM read address=0x51a (20, 26), data=0x46 ( 70)
Time                30710: BRAM read address=0x51b (20, 27), data=0x66 (102)
Time                30730: BRAM read address=0x51c (20, 28), data=0x30 ( 48)
Time                30750: BRAM read address=0x51d (20, 29), data=0x42 ( 66)
Time                30770: BRAM read address=0x51e (20, 30), data=0x66 (102)
Time                30790: BRAM read address=0x51f (20, 31), data=0x4c ( 76)
Time                30810: BRAM read address=0x520 (20, 32), data=0x45 ( 69)
Time                30830: BRAM read address=0x521 (20, 33), data=0x27 ( 39)
Time                30850: BRAM read address=0x522 (20, 34), data=0x5b ( 91)
Time                30870: BRAM read address=0x523 (20, 35), data=0x40 ( 64)
Time                30890: BRAM read address=0x524 (20, 36), data=0x31 ( 49)
Time                30910: BRAM read address=0x525 (20, 37), data=0x1d ( 29)
Time                30930: BRAM read address=0x526 (20, 38), data=0x2d ( 45)
Time                30950: BRAM read address=0x527 (20, 39), data=0x00 (  0)
Time                30970: BRAM read address=0x528 (20, 40), data=0x22 ( 34)
Time                30990: BRAM read address=0x529 (20, 41), data=0x3b ( 59)
Time                31010: BRAM read address=0x52a (20, 42), data=0x4e ( 78)
Time                31030: BRAM read address=0x52b (20, 43), data=0x4e ( 78)
Time                31050: BRAM read address=0x52c (20, 44), data=0x49 ( 73)
Time                31070: BRAM read address=0x52d (20, 45), data=0x45 ( 69)
Time                31090: BRAM read address=0x52e (20, 46), data=0x19 ( 25)
Time                31110: BRAM read address=0x52f (20, 47), data=0x43 ( 67)
Time                31130: BRAM read address=0x530 (20, 48), data=0x58 ( 88)
Time                31150: BRAM read address=0x531 (20, 49), data=0x2f ( 47)
Time                31170: BRAM read address=0x532 (20, 50), data=0x18 ( 24)
Time                31190: BRAM read address=0x533 (20, 51), data=0x6a (106)
Time                31210: BRAM read address=0x534 (20, 52), data=0x2e ( 46)
Time                31230: BRAM read address=0x535 (20, 53), data=0x4f ( 79)
Time                31250: BRAM read address=0x536 (20, 54), data=0x79 (121)
Time                31270: BRAM read address=0x537 (20, 55), data=0x6c (108)
Time                31290: BRAM read address=0x538 (20, 56), data=0x4d ( 77)
Time                31310: BRAM read address=0x539 (20, 57), data=0x6c (108)
Time                31330: BRAM read address=0x53a (20, 58), data=0x4a ( 74)
Time                31350: BRAM read address=0x53b (20, 59), data=0x3d ( 61)
Time                31370: BRAM read address=0x53c (20, 60), data=0x61 ( 97)
Time                31390: BRAM read address=0x53d (20, 61), data=0x42 ( 66)
Time                31410: BRAM read address=0x53e (20, 62), data=0x3d ( 61)
Time                31430: BRAM read address=0x53f (20, 63), data=0x33 ( 51)
Time                31450: BRAM read address=0x000 ( 0,  0), data=0x57 ( 87)
Time                31530: BRAM read address=0x540 (21,  0), data=0x4b ( 75)
Time                31550: BRAM read address=0x541 (21,  1), data=0x6b (107)
Time                31570: BRAM read address=0x542 (21,  2), data=0x32 ( 50)
Time                31590: BRAM read address=0x543 (21,  3), data=0x2f ( 47)
Time                31610: BRAM read address=0x544 (21,  4), data=0x39 ( 57)
Time                31630: BRAM read address=0x545 (21,  5), data=0x3d ( 61)
Time                31650: BRAM read address=0x546 (21,  6), data=0x38 ( 56)
Time                31670: BRAM read address=0x547 (21,  7), data=0x5f ( 95)
Time                31690: BRAM read address=0x548 (21,  8), data=0x24 ( 36)
Time                31710: BRAM read address=0x549 (21,  9), data=0x5d ( 93)
Time                31730: BRAM read address=0x54a (21, 10), data=0x3d ( 61)
Time                31750: BRAM read address=0x54b (21, 11), data=0x53 ( 83)
Time                31770: BRAM read address=0x54c (21, 12), data=0x31 ( 49)
Time                31790: BRAM read address=0x54d (21, 13), data=0x35 ( 53)
Time                31810: BRAM read address=0x54e (21, 14), data=0x40 ( 64)
Time                31830: BRAM read address=0x54f (21, 15), data=0x43 ( 67)
Time                31850: BRAM read address=0x550 (21, 16), data=0x2d ( 45)
Time                31870: BRAM read address=0x551 (21, 17), data=0x47 ( 71)
Time                31890: BRAM read address=0x552 (21, 18), data=0x48 ( 72)
Time                31910: BRAM read address=0x553 (21, 19), data=0x36 ( 54)
Time                31930: BRAM read address=0x554 (21, 20), data=0x43 ( 67)
Time                31950: BRAM read address=0x555 (21, 21), data=0x44 ( 68)
Time                31970: BRAM read address=0x556 (21, 22), data=0x1c ( 28)
Time                31990: BRAM read address=0x557 (21, 23), data=0x45 ( 69)
Time                32010: BRAM read address=0x558 (21, 24), data=0x33 ( 51)
Time                32030: BRAM read address=0x559 (21, 25), data=0x25 ( 37)
Time                32050: BRAM read address=0x55a (21, 26), data=0x5f ( 95)
Time                32070: BRAM read address=0x55b (21, 27), data=0x6d (109)
Time                32090: BRAM read address=0x55c (21, 28), data=0x56 ( 86)
Time                32110: BRAM read address=0x55d (21, 29), data=0x40 ( 64)
Time                32130: BRAM read address=0x55e (21, 30), data=0x2d ( 45)
Time                32150: BRAM read address=0x55f (21, 31), data=0x42 ( 66)
Time                32170: BRAM read address=0x560 (21, 32), data=0x4d ( 77)
Time                32190: BRAM read address=0x561 (21, 33), data=0x22 ( 34)
Time                32210: BRAM read address=0x562 (21, 34), data=0x56 ( 86)
Time                32230: BRAM read address=0x563 (21, 35), data=0x56 ( 86)
Time                32250: BRAM read address=0x564 (21, 36), data=0x30 ( 48)
Time                32270: BRAM read address=0x565 (21, 37), data=0x3c ( 60)
Time                32290: BRAM read address=0x566 (21, 38), data=0x47 ( 71)
Time                32310: BRAM read address=0x567 (21, 39), data=0x20 ( 32)
Time                32330: BRAM read address=0x568 (21, 40), data=0x0c ( 12)
Time                32350: BRAM read address=0x569 (21, 41), data=0x51 ( 81)
Time                32370: BRAM read address=0x56a (21, 42), data=0x3b ( 59)
Time                32390: BRAM read address=0x56b (21, 43), data=0x4c ( 76)
Time                32410: BRAM read address=0x56c (21, 44), data=0x38 ( 56)
Time                32430: BRAM read address=0x56d (21, 45), data=0x37 ( 55)
Time                32450: BRAM read address=0x56e (21, 46), data=0x37 ( 55)
Time                32470: BRAM read address=0x56f (21, 47), data=0x47 ( 71)
Time                32490: BRAM read address=0x570 (21, 48), data=0x49 ( 73)
Time                32510: BRAM read address=0x571 (21, 49), data=0x4d ( 77)
Time                32530: BRAM read address=0x572 (21, 50), data=0x49 ( 73)
Time                32550: BRAM read address=0x573 (21, 51), data=0x59 ( 89)
Time                32570: BRAM read address=0x574 (21, 52), data=0x16 ( 22)
Time                32590: BRAM read address=0x575 (21, 53), data=0x4a ( 74)
Time                32610: BRAM read address=0x576 (21, 54), data=0x2e ( 46)
Time                32630: BRAM read address=0x577 (21, 55), data=0x31 ( 49)
Time                32650: BRAM read address=0x578 (21, 56), data=0x26 ( 38)
Time                32670: BRAM read address=0x579 (21, 57), data=0x0b ( 11)
Time                32690: BRAM read address=0x57a (21, 58), data=0x62 ( 98)
Time                32710: BRAM read address=0x57b (21, 59), data=0x4a ( 74)
Time                32730: BRAM read address=0x57c (21, 60), data=0x33 ( 51)
Time                32750: BRAM read address=0x57d (21, 61), data=0x39 ( 57)
Time                32770: BRAM read address=0x57e (21, 62), data=0x27 ( 39)
Time                32790: BRAM read address=0x57f (21, 63), data=0x40 ( 64)
Time                32810: BRAM read address=0x000 ( 0,  0), data=0x57 ( 87)
Time                32890: BRAM read address=0x580 (22,  0), data=0x3e ( 62)
Time                32910: BRAM read address=0x581 (22,  1), data=0x4a ( 74)
Time                32930: BRAM read address=0x582 (22,  2), data=0x1e ( 30)
Time                32950: BRAM read address=0x583 (22,  3), data=0x38 ( 56)
Time                32970: BRAM read address=0x584 (22,  4), data=0x42 ( 66)
Time                32990: BRAM read address=0x585 (22,  5), data=0x00 (  0)
Time                33010: BRAM read address=0x586 (22,  6), data=0x54 ( 84)
Time                33030: BRAM read address=0x587 (22,  7), data=0x2b ( 43)
Time                33050: BRAM read address=0x588 (22,  8), data=0x51 ( 81)
Time                33070: BRAM read address=0x589 (22,  9), data=0x20 ( 32)
Time                33090: BRAM read address=0x58a (22, 10), data=0x2b ( 43)
Time                33110: BRAM read address=0x58b (22, 11), data=0x46 ( 70)
Time                33130: BRAM read address=0x58c (22, 12), data=0x1d ( 29)
Time                33150: BRAM read address=0x58d (22, 13), data=0x1d ( 29)
Time                33170: BRAM read address=0x58e (22, 14), data=0x41 ( 65)
Time                33190: BRAM read address=0x58f (22, 15), data=0x3f ( 63)
Time                33210: BRAM read address=0x590 (22, 16), data=0x27 ( 39)
Time                33230: BRAM read address=0x591 (22, 17), data=0x1a ( 26)
Time                33250: BRAM read address=0x592 (22, 18), data=0x3b ( 59)
Time                33270: BRAM read address=0x593 (22, 19), data=0x41 ( 65)
Time                33290: BRAM read address=0x594 (22, 20), data=0x44 ( 68)
Time                33310: BRAM read address=0x595 (22, 21), data=0x28 ( 40)
Time                33330: BRAM read address=0x596 (22, 22), data=0x35 ( 53)
Time                33350: BRAM read address=0x597 (22, 23), data=0x39 ( 57)
Time                33370: BRAM read address=0x598 (22, 24), data=0x3d ( 61)
Time                33390: BRAM read address=0x599 (22, 25), data=0x1b ( 27)
Time                33410: BRAM read address=0x59a (22, 26), data=0x5f ( 95)
Time                33430: BRAM read address=0x59b (22, 27), data=0x3d ( 61)
Time                33450: BRAM read address=0x59c (22, 28), data=0x58 ( 88)
Time                33470: BRAM read address=0x59d (22, 29), data=0x3f ( 63)
Time                33490: BRAM read address=0x59e (22, 30), data=0x55 ( 85)
Time                33510: BRAM read address=0x59f (22, 31), data=0x5c ( 92)
Time                33530: BRAM read address=0x5a0 (22, 32), data=0x3b ( 59)
Time                33550: BRAM read address=0x5a1 (22, 33), data=0x22 ( 34)
Time                33570: BRAM read address=0x5a2 (22, 34), data=0x2a ( 42)
Time                33590: BRAM read address=0x5a3 (22, 35), data=0x3a ( 58)
Time                33610: BRAM read address=0x5a4 (22, 36), data=0x21 ( 33)
Time                33630: BRAM read address=0x5a5 (22, 37), data=0x2f ( 47)
Time                33650: BRAM read address=0x5a6 (22, 38), data=0x2f ( 47)
Time                33670: BRAM read address=0x5a7 (22, 39), data=0x5a ( 90)
Time                33690: BRAM read address=0x5a8 (22, 40), data=0x50 ( 80)
Time                33710: BRAM read address=0x5a9 (22, 41), data=0x1f ( 31)
Time                33730: BRAM read address=0x5aa (22, 42), data=0x41 ( 65)
Time                33750: BRAM read address=0x5ab (22, 43), data=0x3a ( 58)
Time                33770: BRAM read address=0x5ac (22, 44), data=0x74 (116)
Time                33790: BRAM read address=0x5ad (22, 45), data=0x38 ( 56)
Time                33810: BRAM read address=0x5ae (22, 46), data=0x56 ( 86)
Time                33830: BRAM read address=0x5af (22, 47), data=0x59 ( 89)
Time                33850: BRAM read address=0x5b0 (22, 48), data=0x45 ( 69)
Time                33870: BRAM read address=0x5b1 (22, 49), data=0x51 ( 81)
Time                33890: BRAM read address=0x5b2 (22, 50), data=0x49 ( 73)
Time                33910: BRAM read address=0x5b3 (22, 51), data=0x56 ( 86)
Time                33930: BRAM read address=0x5b4 (22, 52), data=0x44 ( 68)
Time                33950: BRAM read address=0x5b5 (22, 53), data=0x30 ( 48)
Time                33970: BRAM read address=0x5b6 (22, 54), data=0x39 ( 57)
Time                33990: BRAM read address=0x5b7 (22, 55), data=0x61 ( 97)
Time                34010: BRAM read address=0x5b8 (22, 56), data=0x51 ( 81)
Time                34030: BRAM read address=0x5b9 (22, 57), data=0x35 ( 53)
Time                34050: BRAM read address=0x5ba (22, 58), data=0x2d ( 45)
Time                34070: BRAM read address=0x5bb (22, 59), data=0x3d ( 61)
Time                34090: BRAM read address=0x5bc (22, 60), data=0x40 ( 64)
Time                34110: BRAM read address=0x5bd (22, 61), data=0x70 (112)
Time                34130: BRAM read address=0x5be (22, 62), data=0x67 (103)
Time                34150: BRAM read address=0x5bf (22, 63), data=0x21 ( 33)
Time                34170: BRAM read address=0x000 ( 0,  0), data=0x57 ( 87)
Time                34250: BRAM read address=0x5c0 (23,  0), data=0x4c ( 76)
Time                34270: BRAM read address=0x5c1 (23,  1), data=0x49 ( 73)
Time                34290: BRAM read address=0x5c2 (23,  2), data=0x61 ( 97)
Time                34310: BRAM read address=0x5c3 (23,  3), data=0x51 ( 81)
Time                34330: BRAM read address=0x5c4 (23,  4), data=0x21 ( 33)
Time                34350: BRAM read address=0x5c5 (23,  5), data=0x15 ( 21)
Time                34370: BRAM read address=0x5c6 (23,  6), data=0x80 (128)
Time                34390: BRAM read address=0x5c7 (23,  7), data=0x2a ( 42)
Time                34410: BRAM read address=0x5c8 (23,  8), data=0x42 ( 66)
Time                34430: BRAM read address=0x5c9 (23,  9), data=0x80 (128)
Time                34450: BRAM read address=0x5ca (23, 10), data=0x58 ( 88)
Time                34470: BRAM read address=0x5cb (23, 11), data=0x2b ( 43)
Time                34490: BRAM read address=0x5cc (23, 12), data=0x3e ( 62)
Time                34510: BRAM read address=0x5cd (23, 13), data=0x31 ( 49)
Time                34530: BRAM read address=0x5ce (23, 14), data=0x4c ( 76)
Time                34550: BRAM read address=0x5cf (23, 15), data=0x37 ( 55)
Time                34570: BRAM read address=0x5d0 (23, 16), data=0x42 ( 66)
Time                34590: BRAM read address=0x5d1 (23, 17), data=0x4d ( 77)
Time                34610: BRAM read address=0x5d2 (23, 18), data=0x7b (123)
Time                34630: BRAM read address=0x5d3 (23, 19), data=0x2e ( 46)
Time                34650: BRAM read address=0x5d4 (23, 20), data=0x32 ( 50)
Time                34670: BRAM read address=0x5d5 (23, 21), data=0x54 ( 84)
Time                34690: BRAM read address=0x5d6 (23, 22), data=0x45 ( 69)
Time                34710: BRAM read address=0x5d7 (23, 23), data=0x00 (  0)
Time                34730: BRAM read address=0x5d8 (23, 24), data=0x69 (105)
Time                34750: BRAM read address=0x5d9 (23, 25), data=0x6a (106)
Time                34770: BRAM read address=0x5da (23, 26), data=0x39 ( 57)
Time                34790: BRAM read address=0x5db (23, 27), data=0x32 ( 50)
Time                34810: BRAM read address=0x5dc (23, 28), data=0x45 ( 69)
Time                34830: BRAM read address=0x5dd (23, 29), data=0x30 ( 48)
Time                34850: BRAM read address=0x5de (23, 30), data=0x38 ( 56)
Time                34870: BRAM read address=0x5df (23, 31), data=0x3d ( 61)
Time                34890: BRAM read address=0x5e0 (23, 32), data=0x45 ( 69)
Time                34910: BRAM read address=0x5e1 (23, 33), data=0x6e (110)
Time                34930: BRAM read address=0x5e2 (23, 34), data=0x4b ( 75)
Time                34950: BRAM read address=0x5e3 (23, 35), data=0x49 ( 73)
Time                34970: BRAM read address=0x5e4 (23, 36), data=0x2b ( 43)
Time                34990: BRAM read address=0x5e5 (23, 37), data=0x18 ( 24)
Time                35010: BRAM read address=0x5e6 (23, 38), data=0x41 ( 65)
Time                35030: BRAM read address=0x5e7 (23, 39), data=0x3b ( 59)
Time                35050: BRAM read address=0x5e8 (23, 40), data=0x3a ( 58)
Time                35070: BRAM read address=0x5e9 (23, 41), data=0x51 ( 81)
Time                35090: BRAM read address=0x5ea (23, 42), data=0x66 (102)
Time                35110: BRAM read address=0x5eb (23, 43), data=0x2b ( 43)
Time                35130: BRAM read address=0x5ec (23, 44), data=0x4a ( 74)
Time                35150: BRAM read address=0x5ed (23, 45), data=0x1e ( 30)
Time                35170: BRAM read address=0x5ee (23, 46), data=0x0f ( 15)
Time                35190: BRAM read address=0x5ef (23, 47), data=0x53 ( 83)
Time                35210: BRAM read address=0x5f0 (23, 48), data=0x53 ( 83)
Time                35230: BRAM read address=0x5f1 (23, 49), data=0x43 ( 67)
Time                35250: BRAM read address=0x5f2 (23, 50), data=0x2e ( 46)
Time                35270: BRAM read address=0x5f3 (23, 51), data=0x53 ( 83)
Time                35290: BRAM read address=0x5f4 (23, 52), data=0x1f ( 31)
Time                35310: BRAM read address=0x5f5 (23, 53), data=0x3b ( 59)
Time                35330: BRAM read address=0x5f6 (23, 54), data=0x47 ( 71)
Time                35350: BRAM read address=0x5f7 (23, 55), data=0x3b ( 59)
Time                35370: BRAM read address=0x5f8 (23, 56), data=0x39 ( 57)
Time                35390: BRAM read address=0x5f9 (23, 57), data=0x43 ( 67)
Time                35410: BRAM read address=0x5fa (23, 58), data=0x3b ( 59)
Time                35430: BRAM read address=0x5fb (23, 59), data=0x4a ( 74)
Time                35450: BRAM read address=0x5fc (23, 60), data=0x46 ( 70)
Time                35470: BRAM read address=0x5fd (23, 61), data=0x3e ( 62)
Time                35490: BRAM read address=0x5fe (23, 62), data=0x49 ( 73)
Time                35510: BRAM read address=0x5ff (23, 63), data=0x4b ( 75)
Time                35530: BRAM read address=0x000 ( 0,  0), data=0x57 ( 87)
Time                35610: BRAM read address=0x600 (24,  0), data=0x67 (103)
Time                35630: BRAM read address=0x601 (24,  1), data=0x45 ( 69)
Time                35650: BRAM read address=0x602 (24,  2), data=0x34 ( 52)
Time                35670: BRAM read address=0x603 (24,  3), data=0x4a ( 74)
Time                35690: BRAM read address=0x604 (24,  4), data=0x47 ( 71)
Time                35710: BRAM read address=0x605 (24,  5), data=0x69 (105)
Time                35730: BRAM read address=0x606 (24,  6), data=0x4a ( 74)
Time                35750: BRAM read address=0x607 (24,  7), data=0x57 ( 87)
Time                35770: BRAM read address=0x608 (24,  8), data=0x5d ( 93)
Time                35790: BRAM read address=0x609 (24,  9), data=0x34 ( 52)
Time                35810: BRAM read address=0x60a (24, 10), data=0x33 ( 51)
Time                35830: BRAM read address=0x60b (24, 11), data=0x52 ( 82)
Time                35850: BRAM read address=0x60c (24, 12), data=0x41 ( 65)
Time                35870: BRAM read address=0x60d (24, 13), data=0x63 ( 99)
Time                35890: BRAM read address=0x60e (24, 14), data=0x41 ( 65)
Time                35910: BRAM read address=0x60f (24, 15), data=0x28 ( 40)
Time                35930: BRAM read address=0x610 (24, 16), data=0x48 ( 72)
Time                35950: BRAM read address=0x611 (24, 17), data=0x2f ( 47)
Time                35970: BRAM read address=0x612 (24, 18), data=0x39 ( 57)
Time                35990: BRAM read address=0x613 (24, 19), data=0x2a ( 42)
Time                36010: BRAM read address=0x614 (24, 20), data=0x5e ( 94)
Time                36030: BRAM read address=0x615 (24, 21), data=0x3a ( 58)
Time                36050: BRAM read address=0x616 (24, 22), data=0x52 ( 82)
Time                36070: BRAM read address=0x617 (24, 23), data=0x43 ( 67)
Time                36090: BRAM read address=0x618 (24, 24), data=0x36 ( 54)
Time                36110: BRAM read address=0x619 (24, 25), data=0x45 ( 69)
Time                36130: BRAM read address=0x61a (24, 26), data=0x44 ( 68)
Time                36150: BRAM read address=0x61b (24, 27), data=0x3a ( 58)
Time                36170: BRAM read address=0x61c (24, 28), data=0x5a ( 90)
Time                36190: BRAM read address=0x61d (24, 29), data=0x4e ( 78)
Time                36210: BRAM read address=0x61e (24, 30), data=0x36 ( 54)
Time                36230: BRAM read address=0x61f (24, 31), data=0x4c ( 76)
Time                36250: BRAM read address=0x620 (24, 32), data=0x55 ( 85)
Time                36270: BRAM read address=0x621 (24, 33), data=0x3b ( 59)
Time                36290: BRAM read address=0x622 (24, 34), data=0x44 ( 68)
Time                36310: BRAM read address=0x623 (24, 35), data=0x27 ( 39)
Time                36330: BRAM read address=0x624 (24, 36), data=0x33 ( 51)
Time                36350: BRAM read address=0x625 (24, 37), data=0x5f ( 95)
Time                36370: BRAM read address=0x626 (24, 38), data=0x3d ( 61)
Time                36390: BRAM read address=0x627 (24, 39), data=0x3a ( 58)
Time                36410: BRAM read address=0x628 (24, 40), data=0x2e ( 46)
Time                36430: BRAM read address=0x629 (24, 41), data=0x41 ( 65)
Time                36450: BRAM read address=0x62a (24, 42), data=0x3b ( 59)
Time                36470: BRAM read address=0x62b (24, 43), data=0x4c ( 76)
Time                36490: BRAM read address=0x62c (24, 44), data=0x38 ( 56)
Time                36510: BRAM read address=0x62d (24, 45), data=0x33 ( 51)
Time                36530: BRAM read address=0x62e (24, 46), data=0x14 ( 20)
Time                36550: BRAM read address=0x62f (24, 47), data=0x3c ( 60)
Time                36570: BRAM read address=0x630 (24, 48), data=0x2f ( 47)
Time                36590: BRAM read address=0x631 (24, 49), data=0x44 ( 68)
Time                36610: BRAM read address=0x632 (24, 50), data=0x5b ( 91)
Time                36630: BRAM read address=0x633 (24, 51), data=0x55 ( 85)
Time                36650: BRAM read address=0x634 (24, 52), data=0x3d ( 61)
Time                36670: BRAM read address=0x635 (24, 53), data=0x62 ( 98)
Time                36690: BRAM read address=0x636 (24, 54), data=0x46 ( 70)
Time                36710: BRAM read address=0x637 (24, 55), data=0x44 ( 68)
Time                36730: BRAM read address=0x638 (24, 56), data=0x6a (106)
Time                36750: BRAM read address=0x639 (24, 57), data=0x4d ( 77)
Time                36770: BRAM read address=0x63a (24, 58), data=0x57 ( 87)
Time                36790: BRAM read address=0x63b (24, 59), data=0x44 ( 68)
Time                36810: BRAM read address=0x63c (24, 60), data=0x35 ( 53)
Time                36830: BRAM read address=0x63d (24, 61), data=0x4e ( 78)
Time                36850: BRAM read address=0x63e (24, 62), data=0x3f ( 63)
Time                36870: BRAM read address=0x63f (24, 63), data=0x49 ( 73)
Time                36890: BRAM read address=0x000 ( 0,  0), data=0x57 ( 87)
Time                36970: BRAM read address=0x640 (25,  0), data=0x3c ( 60)
Time                36990: BRAM read address=0x641 (25,  1), data=0x41 ( 65)
Time                37010: BRAM read address=0x642 (25,  2), data=0x2a ( 42)
Time                37030: BRAM read address=0x643 (25,  3), data=0x26 ( 38)
Time                37050: BRAM read address=0x644 (25,  4), data=0x46 ( 70)
Time                37070: BRAM read address=0x645 (25,  5), data=0x38 ( 56)
Time                37090: BRAM read address=0x646 (25,  6), data=0x40 ( 64)
Time                37110: BRAM read address=0x647 (25,  7), data=0x5d ( 93)
Time                37130: BRAM read address=0x648 (25,  8), data=0x3f ( 63)
Time                37150: BRAM read address=0x649 (25,  9), data=0x27 ( 39)
Time                37170: BRAM read address=0x64a (25, 10), data=0x43 ( 67)
Time                37190: BRAM read address=0x64b (25, 11), data=0x32 ( 50)
Time                37210: BRAM read address=0x64c (25, 12), data=0x3c ( 60)
Time                37230: BRAM read address=0x64d (25, 13), data=0x46 ( 70)
Time                37250: BRAM read address=0x64e (25, 14), data=0x21 ( 33)
Time                37270: BRAM read address=0x64f (25, 15), data=0x5e ( 94)
Time                37290: BRAM read address=0x650 (25, 16), data=0x45 ( 69)
Time                37310: BRAM read address=0x651 (25, 17), data=0x40 ( 64)
Time                37330: BRAM read address=0x652 (25, 18), data=0x24 ( 36)
Time                37350: BRAM read address=0x653 (25, 19), data=0x3f ( 63)
Time                37370: BRAM read address=0x654 (25, 20), data=0x45 ( 69)
Time                37390: BRAM read address=0x655 (25, 21), data=0x51 ( 81)
Time                37410: BRAM read address=0x656 (25, 22), data=0x43 ( 67)
Time                37430: BRAM read address=0x657 (25, 23), data=0x50 ( 80)
Time                37450: BRAM read address=0x658 (25, 24), data=0x56 ( 86)
Time                37470: BRAM read address=0x659 (25, 25), data=0x4a ( 74)
Time                37490: BRAM read address=0x65a (25, 26), data=0x3c ( 60)
Time                37510: BRAM read address=0x65b (25, 27), data=0x4c ( 76)
Time                37530: BRAM read address=0x65c (25, 28), data=0x6c (108)
Time                37550: BRAM read address=0x65d (25, 29), data=0x3d ( 61)
Time                37570: BRAM read address=0x65e (25, 30), data=0x26 ( 38)
Time                37590: BRAM read address=0x65f (25, 31), data=0x19 ( 25)
Time                37610: BRAM read address=0x660 (25, 32), data=0x48 ( 72)
Time                37630: BRAM read address=0x661 (25, 33), data=0x42 ( 66)
Time                37650: BRAM read address=0x662 (25, 34), data=0x11 ( 17)
Time                37670: BRAM read address=0x663 (25, 35), data=0x28 ( 40)
Time                37690: BRAM read address=0x664 (25, 36), data=0x29 ( 41)
Time                37710: BRAM read address=0x665 (25, 37), data=0x23 ( 35)
Time                37730: BRAM read address=0x666 (25, 38), data=0x52 ( 82)
Time                37750: BRAM read address=0x667 (25, 39), data=0x04 (  4)
Time                37770: BRAM read address=0x668 (25, 40), data=0x80 (128)
Time                37790: BRAM read address=0x669 (25, 41), data=0x1e ( 30)
Time                37810: BRAM read address=0x66a (25, 42), data=0x4b ( 75)
Time                37830: BRAM read address=0x66b (25, 43), data=0x3f ( 63)
Time                37850: BRAM read address=0x66c (25, 44), data=0x40 ( 64)
Time                37870: BRAM read address=0x66d (25, 45), data=0x4d ( 77)
Time                37890: BRAM read address=0x66e (25, 46), data=0x47 ( 71)
Time                37910: BRAM read address=0x66f (25, 47), data=0x3a ( 58)
Time                37930: BRAM read address=0x670 (25, 48), data=0x50 ( 80)
Time                37950: BRAM read address=0x671 (25, 49), data=0x3f ( 63)
Time                37970: BRAM read address=0x672 (25, 50), data=0x4b ( 75)
Time                37990: BRAM read address=0x673 (25, 51), data=0x56 ( 86)
Time                38010: BRAM read address=0x674 (25, 52), data=0x43 ( 67)
Time                38030: BRAM read address=0x675 (25, 53), data=0x37 ( 55)
Time                38050: BRAM read address=0x676 (25, 54), data=0x55 ( 85)
Time                38070: BRAM read address=0x677 (25, 55), data=0x45 ( 69)
Time                38090: BRAM read address=0x678 (25, 56), data=0x4d ( 77)
Time                38110: BRAM read address=0x679 (25, 57), data=0x1c ( 28)
Time                38130: BRAM read address=0x67a (25, 58), data=0x54 ( 84)
Time                38150: BRAM read address=0x67b (25, 59), data=0x51 ( 81)
Time                38170: BRAM read address=0x67c (25, 60), data=0x4a ( 74)
Time                38190: BRAM read address=0x67d (25, 61), data=0x4d ( 77)
Time                38210: BRAM read address=0x67e (25, 62), data=0x48 ( 72)
Time                38230: BRAM read address=0x67f (25, 63), data=0x3d ( 61)
Time                38250: BRAM read address=0x000 ( 0,  0), data=0x57 ( 87)
Time                38330: BRAM read address=0x680 (26,  0), data=0x3a ( 58)
Time                38350: BRAM read address=0x681 (26,  1), data=0x4a ( 74)
Time                38370: BRAM read address=0x682 (26,  2), data=0x60 ( 96)
Time                38390: BRAM read address=0x683 (26,  3), data=0x11 ( 17)
Time                38410: BRAM read address=0x684 (26,  4), data=0x41 ( 65)
Time                38430: BRAM read address=0x685 (26,  5), data=0x08 (  8)
Time                38450: BRAM read address=0x686 (26,  6), data=0x79 (121)
Time                38470: BRAM read address=0x687 (26,  7), data=0x2c ( 44)
Time                38490: BRAM read address=0x688 (26,  8), data=0x39 ( 57)
Time                38510: BRAM read address=0x689 (26,  9), data=0x41 ( 65)
Time                38530: BRAM read address=0x68a (26, 10), data=0x53 ( 83)
Time                38550: BRAM read address=0x68b (26, 11), data=0x38 ( 56)
Time                38570: BRAM read address=0x68c (26, 12), data=0x4b ( 75)
Time                38590: BRAM read address=0x68d (26, 13), data=0x33 ( 51)
Time                38610: BRAM read address=0x68e (26, 14), data=0x3a ( 58)
Time                38630: BRAM read address=0x68f (26, 15), data=0x38 ( 56)
Time                38650: BRAM read address=0x690 (26, 16), data=0x40 ( 64)
Time                38670: BRAM read address=0x691 (26, 17), data=0x2c ( 44)
Time                38690: BRAM read address=0x692 (26, 18), data=0x69 (105)
Time                38710: BRAM read address=0x693 (26, 19), data=0x0f ( 15)
Time                38730: BRAM read address=0x694 (26, 20), data=0x34 ( 52)
Time                38750: BRAM read address=0x695 (26, 21), data=0x2e ( 46)
Time                38770: BRAM read address=0x696 (26, 22), data=0x29 ( 41)
Time                38790: BRAM read address=0x697 (26, 23), data=0x35 ( 53)
Time                38810: BRAM read address=0x698 (26, 24), data=0x66 (102)
Time                38830: BRAM read address=0x699 (26, 25), data=0x53 ( 83)
Time                38850: BRAM read address=0x69a (26, 26), data=0x36 ( 54)
Time                38870: BRAM read address=0x69b (26, 27), data=0x44 ( 68)
Time                38890: BRAM read address=0x69c (26, 28), data=0x4a ( 74)
Time                38910: BRAM read address=0x69d (26, 29), data=0x05 (  5)
Time                38930: BRAM read address=0x69e (26, 30), data=0x3c ( 60)
Time                38950: BRAM read address=0x69f (26, 31), data=0x45 ( 69)
Time                38970: BRAM read address=0x6a0 (26, 32), data=0x5c ( 92)
Time                38990: BRAM read address=0x6a1 (26, 33), data=0x40 ( 64)
Time                39010: BRAM read address=0x6a2 (26, 34), data=0x41 ( 65)
Time                39030: BRAM read address=0x6a3 (26, 35), data=0x26 ( 38)
Time                39050: BRAM read address=0x6a4 (26, 36), data=0x47 ( 71)
Time                39070: BRAM read address=0x6a5 (26, 37), data=0x43 ( 67)
Time                39090: BRAM read address=0x6a6 (26, 38), data=0x3f ( 63)
Time                39110: BRAM read address=0x6a7 (26, 39), data=0x2c ( 44)
Time                39130: BRAM read address=0x6a8 (26, 40), data=0x3f ( 63)
Time                39150: BRAM read address=0x6a9 (26, 41), data=0x58 ( 88)
Time                39170: BRAM read address=0x6aa (26, 42), data=0x4d ( 77)
Time                39190: BRAM read address=0x6ab (26, 43), data=0x3e ( 62)
Time                39210: BRAM read address=0x6ac (26, 44), data=0x31 ( 49)
Time                39230: BRAM read address=0x6ad (26, 45), data=0x5f ( 95)
Time                39250: BRAM read address=0x6ae (26, 46), data=0x2d ( 45)
Time                39270: BRAM read address=0x6af (26, 47), data=0x5f ( 95)
Time                39290: BRAM read address=0x6b0 (26, 48), data=0x24 ( 36)
Time                39310: BRAM read address=0x6b1 (26, 49), data=0x3b ( 59)
Time                39330: BRAM read address=0x6b2 (26, 50), data=0x5c ( 92)
Time                39350: BRAM read address=0x6b3 (26, 51), data=0x52 ( 82)
Time                39370: BRAM read address=0x6b4 (26, 52), data=0x34 ( 52)
Time                39390: BRAM read address=0x6b5 (26, 53), data=0x39 ( 57)
Time                39410: BRAM read address=0x6b6 (26, 54), data=0x60 ( 96)
Time                39430: BRAM read address=0x6b7 (26, 55), data=0x53 ( 83)
Time                39450: BRAM read address=0x6b8 (26, 56), data=0x3a ( 58)
Time                39470: BRAM read address=0x6b9 (26, 57), data=0x4b ( 75)
Time                39490: BRAM read address=0x6ba (26, 58), data=0x5f ( 95)
Time                39510: BRAM read address=0x6bb (26, 59), data=0x3f ( 63)
Time                39530: BRAM read address=0x6bc (26, 60), data=0x3b ( 59)
Time                39550: BRAM read address=0x6bd (26, 61), data=0x3e ( 62)
Time                39570: BRAM read address=0x6be (26, 62), data=0x22 ( 34)
Time                39590: BRAM read address=0x6bf (26, 63), data=0x32 ( 50)
Time                39610: BRAM read address=0x000 ( 0,  0), data=0x57 ( 87)
Time                39690: BRAM read address=0x6c0 (27,  0), data=0x49 ( 73)
Time                39710: BRAM read address=0x6c1 (27,  1), data=0x37 ( 55)
Time                39730: BRAM read address=0x6c2 (27,  2), data=0x3b ( 59)
Time                39750: BRAM read address=0x6c3 (27,  3), data=0x2d ( 45)
Time                39770: BRAM read address=0x6c4 (27,  4), data=0x34 ( 52)
Time                39790: BRAM read address=0x6c5 (27,  5), data=0x33 ( 51)
Time                39810: BRAM read address=0x6c6 (27,  6), data=0x26 ( 38)
Time                39830: BRAM read address=0x6c7 (27,  7), data=0x34 ( 52)
Time                39850: BRAM read address=0x6c8 (27,  8), data=0x4a ( 74)
Time                39870: BRAM read address=0x6c9 (27,  9), data=0x37 ( 55)
Time                39890: BRAM read address=0x6ca (27, 10), data=0x58 ( 88)
Time                39910: BRAM read address=0x6cb (27, 11), data=0x68 (104)
Time                39930: BRAM read address=0x6cc (27, 12), data=0x4c ( 76)
Time                39950: BRAM read address=0x6cd (27, 13), data=0x40 ( 64)
Time                39970: BRAM read address=0x6ce (27, 14), data=0x5e ( 94)
Time                39990: BRAM read address=0x6cf (27, 15), data=0x52 ( 82)
Time                40010: BRAM read address=0x6d0 (27, 16), data=0x5b ( 91)
Time                40030: BRAM read address=0x6d1 (27, 17), data=0x5b ( 91)
Time                40050: BRAM read address=0x6d2 (27, 18), data=0x45 ( 69)
Time                40070: BRAM read address=0x6d3 (27, 19), data=0x30 ( 48)
Time                40090: BRAM read address=0x6d4 (27, 20), data=0x37 ( 55)
Time                40110: BRAM read address=0x6d5 (27, 21), data=0x26 ( 38)
Time                40130: BRAM read address=0x6d6 (27, 22), data=0x32 ( 50)
Time                40150: BRAM read address=0x6d7 (27, 23), data=0x40 ( 64)
Time                40170: BRAM read address=0x6d8 (27, 24), data=0x4a ( 74)
Time                40190: BRAM read address=0x6d9 (27, 25), data=0x27 ( 39)
Time                40210: BRAM read address=0x6da (27, 26), data=0x39 ( 57)
Time                40230: BRAM read address=0x6db (27, 27), data=0x1c ( 28)
Time                40250: BRAM read address=0x6dc (27, 28), data=0x2f ( 47)
Time                40270: BRAM read address=0x6dd (27, 29), data=0x45 ( 69)
Time                40290: BRAM read address=0x6de (27, 30), data=0x69 (105)
Time                40310: BRAM read address=0x6df (27, 31), data=0x47 ( 71)
Time                40330: BRAM read address=0x6e0 (27, 32), data=0x24 ( 36)
Time                40350: BRAM read address=0x6e1 (27, 33), data=0x52 ( 82)
Time                40370: BRAM read address=0x6e2 (27, 34), data=0x2b ( 43)
Time                40390: BRAM read address=0x6e3 (27, 35), data=0x4d ( 77)
Time                40410: BRAM read address=0x6e4 (27, 36), data=0x23 ( 35)
Time                40430: BRAM read address=0x6e5 (27, 37), data=0x37 ( 55)
Time                40450: BRAM read address=0x6e6 (27, 38), data=0x4e ( 78)
Time                40470: BRAM read address=0x6e7 (27, 39), data=0x45 ( 69)
Time                40490: BRAM read address=0x6e8 (27, 40), data=0x47 ( 71)
Time                40510: BRAM read address=0x6e9 (27, 41), data=0x4b ( 75)
Time                40530: BRAM read address=0x6ea (27, 42), data=0x5a ( 90)
Time                40550: BRAM read address=0x6eb (27, 43), data=0x53 ( 83)
Time                40570: BRAM read address=0x6ec (27, 44), data=0x5d ( 93)
Time                40590: BRAM read address=0x6ed (27, 45), data=0x51 ( 81)
Time                40610: BRAM read address=0x6ee (27, 46), data=0x33 ( 51)
Time                40630: BRAM read address=0x6ef (27, 47), data=0x38 ( 56)
Time                40650: BRAM read address=0x6f0 (27, 48), data=0x2d ( 45)
Time                40670: BRAM read address=0x6f1 (27, 49), data=0x60 ( 96)
Time                40690: BRAM read address=0x6f2 (27, 50), data=0x61 ( 97)
Time                40710: BRAM read address=0x6f3 (27, 51), data=0x3a ( 58)
Time                40730: BRAM read address=0x6f4 (27, 52), data=0x47 ( 71)
Time                40750: BRAM read address=0x6f5 (27, 53), data=0x21 ( 33)
Time                40770: BRAM read address=0x6f6 (27, 54), data=0x33 ( 51)
Time                40790: BRAM read address=0x6f7 (27, 55), data=0x80 (128)
Time                40810: BRAM read address=0x6f8 (27, 56), data=0x2e ( 46)
Time                40830: BRAM read address=0x6f9 (27, 57), data=0x5c ( 92)
Time                40850: BRAM read address=0x6fa (27, 58), data=0x56 ( 86)
Time                40870: BRAM read address=0x6fb (27, 59), data=0x46 ( 70)
Time                40890: BRAM read address=0x6fc (27, 60), data=0x32 ( 50)
Time                40910: BRAM read address=0x6fd (27, 61), data=0x29 ( 41)
Time                40930: BRAM read address=0x6fe (27, 62), data=0x58 ( 88)
Time                40950: BRAM read address=0x6ff (27, 63), data=0x3a ( 58)
Time                40970: BRAM read address=0x000 ( 0,  0), data=0x57 ( 87)
Time                41050: BRAM read address=0x700 (28,  0), data=0x44 ( 68)
Time                41070: BRAM read address=0x701 (28,  1), data=0x51 ( 81)
Time                41090: BRAM read address=0x702 (28,  2), data=0x49 ( 73)
Time                41110: BRAM read address=0x703 (28,  3), data=0x2e ( 46)
Time                41130: BRAM read address=0x704 (28,  4), data=0x41 ( 65)
Time                41150: BRAM read address=0x705 (28,  5), data=0x5b ( 91)
Time                41170: BRAM read address=0x706 (28,  6), data=0x75 (117)
Time                41190: BRAM read address=0x707 (28,  7), data=0x31 ( 49)
Time                41210: BRAM read address=0x708 (28,  8), data=0x57 ( 87)
Time                41230: BRAM read address=0x709 (28,  9), data=0x47 ( 71)
Time                41250: BRAM read address=0x70a (28, 10), data=0x42 ( 66)
Time                41270: BRAM read address=0x70b (28, 11), data=0x51 ( 81)
Time                41290: BRAM read address=0x70c (28, 12), data=0x6b (107)
Time                41310: BRAM read address=0x70d (28, 13), data=0x4c ( 76)
Time                41330: BRAM read address=0x70e (28, 14), data=0x54 ( 84)
Time                41350: BRAM read address=0x70f (28, 15), data=0x53 ( 83)
Time                41370: BRAM read address=0x710 (28, 16), data=0x35 ( 53)
Time                41390: BRAM read address=0x711 (28, 17), data=0x42 ( 66)
Time                41410: BRAM read address=0x712 (28, 18), data=0x46 ( 70)
Time                41430: BRAM read address=0x713 (28, 19), data=0x46 ( 70)
Time                41450: BRAM read address=0x714 (28, 20), data=0x47 ( 71)
Time                41470: BRAM read address=0x715 (28, 21), data=0x29 ( 41)
Time                41490: BRAM read address=0x716 (28, 22), data=0x3e ( 62)
Time                41510: BRAM read address=0x717 (28, 23), data=0x54 ( 84)
Time                41530: BRAM read address=0x718 (28, 24), data=0x1b ( 27)
Time                41550: BRAM read address=0x719 (28, 25), data=0x16 ( 22)
Time                41570: BRAM read address=0x71a (28, 26), data=0x50 ( 80)
Time                41590: BRAM read address=0x71b (28, 27), data=0x37 ( 55)
Time                41610: BRAM read address=0x71c (28, 28), data=0x0f ( 15)
Time                41630: BRAM read address=0x71d (28, 29), data=0x34 ( 52)
Time                41650: BRAM read address=0x71e (28, 30), data=0x66 (102)
Time                41670: BRAM read address=0x71f (28, 31), data=0x2e ( 46)
Time                41690: BRAM read address=0x720 (28, 32), data=0x3e ( 62)
Time                41710: BRAM read address=0x721 (28, 33), data=0x25 ( 37)
Time                41730: BRAM read address=0x722 (28, 34), data=0x29 ( 41)
Time                41750: BRAM read address=0x723 (28, 35), data=0x5a ( 90)
Time                41770: BRAM read address=0x724 (28, 36), data=0x19 ( 25)
Time                41790: BRAM read address=0x725 (28, 37), data=0x4b ( 75)
Time                41810: BRAM read address=0x726 (28, 38), data=0x2a ( 42)
Time                41830: BRAM read address=0x727 (28, 39), data=0x2c ( 44)
Time                41850: BRAM read address=0x728 (28, 40), data=0x2c ( 44)
Time                41870: BRAM read address=0x729 (28, 41), data=0x57 ( 87)
Time                41890: BRAM read address=0x72a (28, 42), data=0x1c ( 28)
Time                41910: BRAM read address=0x72b (28, 43), data=0x30 ( 48)
Time                41930: BRAM read address=0x72c (28, 44), data=0x3e ( 62)
Time                41950: BRAM read address=0x72d (28, 45), data=0x1a ( 26)
Time                41970: BRAM read address=0x72e (28, 46), data=0x5b ( 91)
Time                41990: BRAM read address=0x72f (28, 47), data=0x33 ( 51)
Time                42010: BRAM read address=0x730 (28, 48), data=0x3d ( 61)
Time                42030: BRAM read address=0x731 (28, 49), data=0x66 (102)
Time                42050: BRAM read address=0x732 (28, 50), data=0x6c (108)
Time                42070: BRAM read address=0x733 (28, 51), data=0x34 ( 52)
Time                42090: BRAM read address=0x734 (28, 52), data=0x4c ( 76)
Time                42110: BRAM read address=0x735 (28, 53), data=0x41 ( 65)
Time                42130: BRAM read address=0x736 (28, 54), data=0x34 ( 52)
Time                42150: BRAM read address=0x737 (28, 55), data=0x45 ( 69)
Time                42170: BRAM read address=0x738 (28, 56), data=0x3a ( 58)
Time                42190: BRAM read address=0x739 (28, 57), data=0x29 ( 41)
Time                42210: BRAM read address=0x73a (28, 58), data=0x42 ( 66)
Time                42230: BRAM read address=0x73b (28, 59), data=0x37 ( 55)
Time                42250: BRAM read address=0x73c (28, 60), data=0x48 ( 72)
Time                42270: BRAM read address=0x73d (28, 61), data=0x3f ( 63)
Time                42290: BRAM read address=0x73e (28, 62), data=0x23 ( 35)
Time                42310: BRAM read address=0x73f (28, 63), data=0x49 ( 73)
Time                42330: BRAM read address=0x000 ( 0,  0), data=0x57 ( 87)
Time                42410: BRAM read address=0x740 (29,  0), data=0x3f ( 63)
Time                42430: BRAM read address=0x741 (29,  1), data=0x2f ( 47)
Time                42450: BRAM read address=0x742 (29,  2), data=0x37 ( 55)
Time                42470: BRAM read address=0x743 (29,  3), data=0x1c ( 28)
Time                42490: BRAM read address=0x744 (29,  4), data=0x35 ( 53)
Time                42510: BRAM read address=0x745 (29,  5), data=0x36 ( 54)
Time                42530: BRAM read address=0x746 (29,  6), data=0x2f ( 47)
Time                42550: BRAM read address=0x747 (29,  7), data=0x3b ( 59)
Time                42570: BRAM read address=0x748 (29,  8), data=0x4d ( 77)
Time                42590: BRAM read address=0x749 (29,  9), data=0x3e ( 62)
Time                42610: BRAM read address=0x74a (29, 10), data=0x4f ( 79)
Time                42630: BRAM read address=0x74b (29, 11), data=0x3b ( 59)
Time                42650: BRAM read address=0x74c (29, 12), data=0x4a ( 74)
Time                42670: BRAM read address=0x74d (29, 13), data=0x69 (105)
Time                42690: BRAM read address=0x74e (29, 14), data=0x38 ( 56)
Time                42710: BRAM read address=0x74f (29, 15), data=0x40 ( 64)
Time                42730: BRAM read address=0x750 (29, 16), data=0x3b ( 59)
Time                42750: BRAM read address=0x751 (29, 17), data=0x39 ( 57)
Time                42770: BRAM read address=0x752 (29, 18), data=0x4b ( 75)
Time                42790: BRAM read address=0x753 (29, 19), data=0x4c ( 76)
Time                42810: BRAM read address=0x754 (29, 20), data=0x4c ( 76)
Time                42830: BRAM read address=0x755 (29, 21), data=0x49 ( 73)
Time                42850: BRAM read address=0x756 (29, 22), data=0x49 ( 73)
Time                42870: BRAM read address=0x757 (29, 23), data=0x4c ( 76)
Time                42890: BRAM read address=0x758 (29, 24), data=0x2e ( 46)
Time                42910: BRAM read address=0x759 (29, 25), data=0x49 ( 73)
Time                42930: BRAM read address=0x75a (29, 26), data=0x59 ( 89)
Time                42950: BRAM read address=0x75b (29, 27), data=0x4f ( 79)
Time                42970: BRAM read address=0x75c (29, 28), data=0x5b ( 91)
Time                42990: BRAM read address=0x75d (29, 29), data=0x4c ( 76)
Time                43010: BRAM read address=0x75e (29, 30), data=0x37 ( 55)
Time                43030: BRAM read address=0x75f (29, 31), data=0x2e ( 46)
Time                43050: BRAM read address=0x760 (29, 32), data=0x53 ( 83)
Time                43070: BRAM read address=0x761 (29, 33), data=0x2f ( 47)
Time                43090: BRAM read address=0x762 (29, 34), data=0x3c ( 60)
Time                43110: BRAM read address=0x763 (29, 35), data=0x40 ( 64)
Time                43130: BRAM read address=0x764 (29, 36), data=0x44 ( 68)
Time                43150: BRAM read address=0x765 (29, 37), data=0x3f ( 63)
Time                43170: BRAM read address=0x766 (29, 38), data=0x66 (102)
Time                43190: BRAM read address=0x767 (29, 39), data=0x45 ( 69)
Time                43210: BRAM read address=0x768 (29, 40), data=0x3a ( 58)
Time                43230: BRAM read address=0x769 (29, 41), data=0x48 ( 72)
Time                43250: BRAM read address=0x76a (29, 42), data=0x60 ( 96)
Time                43270: BRAM read address=0x76b (29, 43), data=0x31 ( 49)
Time                43290: BRAM read address=0x76c (29, 44), data=0x47 ( 71)
Time                43310: BRAM read address=0x76d (29, 45), data=0x14 ( 20)
Time                43330: BRAM read address=0x76e (29, 46), data=0x38 ( 56)
Time                43350: BRAM read address=0x76f (29, 47), data=0x57 ( 87)
Time                43370: BRAM read address=0x770 (29, 48), data=0x4d ( 77)
Time                43390: BRAM read address=0x771 (29, 49), data=0x44 ( 68)
Time                43410: BRAM read address=0x772 (29, 50), data=0x2f ( 47)
Time                43430: BRAM read address=0x773 (29, 51), data=0x4b ( 75)
Time                43450: BRAM read address=0x774 (29, 52), data=0x3c ( 60)
Time                43470: BRAM read address=0x775 (29, 53), data=0x38 ( 56)
Time                43490: BRAM read address=0x776 (29, 54), data=0x46 ( 70)
Time                43510: BRAM read address=0x777 (29, 55), data=0x51 ( 81)
Time                43530: BRAM read address=0x778 (29, 56), data=0x6a (106)
Time                43550: BRAM read address=0x779 (29, 57), data=0x4e ( 78)
Time                43570: BRAM read address=0x77a (29, 58), data=0x39 ( 57)
Time                43590: BRAM read address=0x77b (29, 59), data=0x40 ( 64)
Time                43610: BRAM read address=0x77c (29, 60), data=0x5d ( 93)
Time                43630: BRAM read address=0x77d (29, 61), data=0x1f ( 31)
Time                43650: BRAM read address=0x77e (29, 62), data=0x53 ( 83)
Time                43670: BRAM read address=0x77f (29, 63), data=0x55 ( 85)
Time                43690: BRAM read address=0x000 ( 0,  0), data=0x57 ( 87)
Time                43770: BRAM read address=0x780 (30,  0), data=0x34 ( 52)
Time                43790: BRAM read address=0x781 (30,  1), data=0x1d ( 29)
Time                43810: BRAM read address=0x782 (30,  2), data=0x3b ( 59)
Time                43830: BRAM read address=0x783 (30,  3), data=0x3c ( 60)
Time                43850: BRAM read address=0x784 (30,  4), data=0x46 ( 70)
Time                43870: BRAM read address=0x785 (30,  5), data=0x47 ( 71)
Time                43890: BRAM read address=0x786 (30,  6), data=0x47 ( 71)
Time                43910: BRAM read address=0x787 (30,  7), data=0x6e (110)
Time                43930: BRAM read address=0x788 (30,  8), data=0x52 ( 82)
Time                43950: BRAM read address=0x789 (30,  9), data=0x37 ( 55)
Time                43970: BRAM read address=0x78a (30, 10), data=0x5d ( 93)
Time                43990: BRAM read address=0x78b (30, 11), data=0x56 ( 86)
Time                44010: BRAM read address=0x78c (30, 12), data=0x34 ( 52)
Time                44030: BRAM read address=0x78d (30, 13), data=0x2a ( 42)
Time                44050: BRAM read address=0x78e (30, 14), data=0x39 ( 57)
Time                44070: BRAM read address=0x78f (30, 15), data=0x51 ( 81)
Time                44090: BRAM read address=0x790 (30, 16), data=0x4c ( 76)
Time                44110: BRAM read address=0x791 (30, 17), data=0x28 ( 40)
Time                44130: BRAM read address=0x792 (30, 18), data=0x5a ( 90)
Time                44150: BRAM read address=0x793 (30, 19), data=0x4b ( 75)
Time                44170: BRAM read address=0x794 (30, 20), data=0x5d ( 93)
Time                44190: BRAM read address=0x795 (30, 21), data=0x4f ( 79)
Time                44210: BRAM read address=0x796 (30, 22), data=0x25 ( 37)
Time                44230: BRAM read address=0x797 (30, 23), data=0x5a ( 90)
Time                44250: BRAM read address=0x798 (30, 24), data=0x4d ( 77)
Time                44270: BRAM read address=0x799 (30, 25), data=0x3b ( 59)
Time                44290: BRAM read address=0x79a (30, 26), data=0x16 ( 22)
Time                44310: BRAM read address=0x79b (30, 27), data=0x38 ( 56)
Time                44330: BRAM read address=0x79c (30, 28), data=0x3d ( 61)
Time                44350: BRAM read address=0x79d (30, 29), data=0x4a ( 74)
Time                44370: BRAM read address=0x79e (30, 30), data=0x2f ( 47)
Time                44390: BRAM read address=0x79f (30, 31), data=0x27 ( 39)
Time                44410: BRAM read address=0x7a0 (30, 32), data=0x48 ( 72)
Time                44430: BRAM read address=0x7a1 (30, 33), data=0x41 ( 65)
Time                44450: BRAM read address=0x7a2 (30, 34), data=0x4d ( 77)
Time                44470: BRAM read address=0x7a3 (30, 35), data=0x36 ( 54)
Time                44490: BRAM read address=0x7a4 (30, 36), data=0x6a (106)
Time                44510: BRAM read address=0x7a5 (30, 37), data=0x3f ( 63)
Time                44530: BRAM read address=0x7a6 (30, 38), data=0x44 ( 68)
Time                44550: BRAM read address=0x7a7 (30, 39), data=0x4c ( 76)
Time                44570: BRAM read address=0x7a8 (30, 40), data=0x33 ( 51)
Time                44590: BRAM read address=0x7a9 (30, 41), data=0x2b ( 43)
Time                44610: BRAM read address=0x7aa (30, 42), data=0x5e ( 94)
Time                44630: BRAM read address=0x7ab (30, 43), data=0x38 ( 56)
Time                44650: BRAM read address=0x7ac (30, 44), data=0x46 ( 70)
Time                44670: BRAM read address=0x7ad (30, 45), data=0x51 ( 81)
Time                44690: BRAM read address=0x7ae (30, 46), data=0x2f ( 47)
Time                44710: BRAM read address=0x7af (30, 47), data=0x42 ( 66)
Time                44730: BRAM read address=0x7b0 (30, 48), data=0x3e ( 62)
Time                44750: BRAM read address=0x7b1 (30, 49), data=0x4c ( 76)
Time                44770: BRAM read address=0x7b2 (30, 50), data=0x3b ( 59)
Time                44790: BRAM read address=0x7b3 (30, 51), data=0x22 ( 34)
Time                44810: BRAM read address=0x7b4 (30, 52), data=0x67 (103)
Time                44830: BRAM read address=0x7b5 (30, 53), data=0x29 ( 41)
Time                44850: BRAM read address=0x7b6 (30, 54), data=0x39 ( 57)
Time                44870: BRAM read address=0x7b7 (30, 55), data=0x11 ( 17)
Time                44890: BRAM read address=0x7b8 (30, 56), data=0x2f ( 47)
Time                44910: BRAM read address=0x7b9 (30, 57), data=0x32 ( 50)
Time                44930: BRAM read address=0x7ba (30, 58), data=0x4a ( 74)
Time                44950: BRAM read address=0x7bb (30, 59), data=0x5c ( 92)
Time                44970: BRAM read address=0x7bc (30, 60), data=0x2e ( 46)
Time                44990: BRAM read address=0x7bd (30, 61), data=0x2d ( 45)
Time                45010: BRAM read address=0x7be (30, 62), data=0x45 ( 69)
Time                45030: BRAM read address=0x7bf (30, 63), data=0x2c ( 44)
Time                45050: BRAM read address=0x000 ( 0,  0), data=0x57 ( 87)
Time                45130: BRAM read address=0x7c0 (31,  0), data=0x34 ( 52)
Time                45150: BRAM read address=0x7c1 (31,  1), data=0x51 ( 81)
Time                45170: BRAM read address=0x7c2 (31,  2), data=0x15 ( 21)
Time                45190: BRAM read address=0x7c3 (31,  3), data=0x66 (102)
Time                45210: BRAM read address=0x7c4 (31,  4), data=0x57 ( 87)
Time                45230: BRAM read address=0x7c5 (31,  5), data=0x46 ( 70)
Time                45250: BRAM read address=0x7c6 (31,  6), data=0x52 ( 82)
Time                45270: BRAM read address=0x7c7 (31,  7), data=0x43 ( 67)
Time                45290: BRAM read address=0x7c8 (31,  8), data=0x43 ( 67)
Time                45310: BRAM read address=0x7c9 (31,  9), data=0x56 ( 86)
Time                45330: BRAM read address=0x7ca (31, 10), data=0x30 ( 48)
Time                45350: BRAM read address=0x7cb (31, 11), data=0x63 ( 99)
Time                45370: BRAM read address=0x7cc (31, 12), data=0x48 ( 72)
Time                45390: BRAM read address=0x7cd (31, 13), data=0x42 ( 66)
Time                45410: BRAM read address=0x7ce (31, 14), data=0x2b ( 43)
Time                45430: BRAM read address=0x7cf (31, 15), data=0x59 ( 89)
Time                45450: BRAM read address=0x7d0 (31, 16), data=0x30 ( 48)
Time                45470: BRAM read address=0x7d1 (31, 17), data=0x37 ( 55)
Time                45490: BRAM read address=0x7d2 (31, 18), data=0x27 ( 39)
Time                45510: BRAM read address=0x7d3 (31, 19), data=0x41 ( 65)
Time                45530: BRAM read address=0x7d4 (31, 20), data=0x37 ( 55)
Time                45550: BRAM read address=0x7d5 (31, 21), data=0x5f ( 95)
Time                45570: BRAM read address=0x7d6 (31, 22), data=0x35 ( 53)
Time                45590: BRAM read address=0x7d7 (31, 23), data=0x3c ( 60)
Time                45610: BRAM read address=0x7d8 (31, 24), data=0x54 ( 84)
Time                45630: BRAM read address=0x7d9 (31, 25), data=0x2d ( 45)
Time                45650: BRAM read address=0x7da (31, 26), data=0x2c ( 44)
Time                45670: BRAM read address=0x7db (31, 27), data=0x3b ( 59)
Time                45690: BRAM read address=0x7dc (31, 28), data=0x38 ( 56)
Time                45710: BRAM read address=0x7dd (31, 29), data=0x4f ( 79)
Time                45730: BRAM read address=0x7de (31, 30), data=0x5e ( 94)
Time                45750: BRAM read address=0x7df (31, 31), data=0x3e ( 62)
Time                45770: BRAM read address=0x7e0 (31, 32), data=0x41 ( 65)
Time                45790: BRAM read address=0x7e1 (31, 33), data=0x53 ( 83)
Time                45810: BRAM read address=0x7e2 (31, 34), data=0x4a ( 74)
Time                45830: BRAM read address=0x7e3 (31, 35), data=0x3b ( 59)
Time                45850: BRAM read address=0x7e4 (31, 36), data=0x44 ( 68)
Time                45870: BRAM read address=0x7e5 (31, 37), data=0x71 (113)
Time                45890: BRAM read address=0x7e6 (31, 38), data=0x29 ( 41)
Time                45910: BRAM read address=0x7e7 (31, 39), data=0x4a ( 74)
Time                45930: BRAM read address=0x7e8 (31, 40), data=0x40 ( 64)
Time                45950: BRAM read address=0x7e9 (31, 41), data=0x4a ( 74)
Time                45970: BRAM read address=0x7ea (31, 42), data=0x37 ( 55)
Time                45990: BRAM read address=0x7eb (31, 43), data=0x02 (  2)
Time                46010: BRAM read address=0x7ec (31, 44), data=0x6b (107)
Time                46030: BRAM read address=0x7ed (31, 45), data=0x46 ( 70)
Time                46050: BRAM read address=0x7ee (31, 46), data=0x18 ( 24)
Time                46070: BRAM read address=0x7ef (31, 47), data=0x2d ( 45)
Time                46090: BRAM read address=0x7f0 (31, 48), data=0x4c ( 76)
Time                46110: BRAM read address=0x7f1 (31, 49), data=0x44 ( 68)
Time                46130: BRAM read address=0x7f2 (31, 50), data=0x23 ( 35)
Time                46150: BRAM read address=0x7f3 (31, 51), data=0x43 ( 67)
Time                46170: BRAM read address=0x7f4 (31, 52), data=0x33 ( 51)
Time                46190: BRAM read address=0x7f5 (31, 53), data=0x39 ( 57)
Time                46210: BRAM read address=0x7f6 (31, 54), data=0x19 ( 25)
Time                46230: BRAM read address=0x7f7 (31, 55), data=0x4a ( 74)
Time                46250: BRAM read address=0x7f8 (31, 56), data=0x2f ( 47)
Time                46270: BRAM read address=0x7f9 (31, 57), data=0x43 ( 67)
Time                46290: BRAM read address=0x7fa (31, 58), data=0x31 ( 49)
Time                46310: BRAM read address=0x7fb (31, 59), data=0x4d ( 77)
Time                46330: BRAM read address=0x7fc (31, 60), data=0x40 ( 64)
Time                46350: BRAM read address=0x7fd (31, 61), data=0x42 ( 66)
Time                46370: BRAM read address=0x7fe (31, 62), data=0x53 ( 83)
Time                46390: BRAM read address=0x7ff (31, 63), data=0x5b ( 91)
Time                46410: BRAM read address=0x000 ( 0,  0), data=0x57 ( 87)
Time                46490: BRAM read address=0x800 (32,  0), data=0x53 ( 83)
Time                46510: BRAM read address=0x801 (32,  1), data=0x43 ( 67)
Time                46530: BRAM read address=0x802 (32,  2), data=0x69 (105)
Time                46550: BRAM read address=0x803 (32,  3), data=0x5c ( 92)
Time                46570: BRAM read address=0x804 (32,  4), data=0x64 (100)
Time                46590: BRAM read address=0x805 (32,  5), data=0x4e ( 78)
Time                46610: BRAM read address=0x806 (32,  6), data=0x34 ( 52)
Time                46630: BRAM read address=0x807 (32,  7), data=0x5d ( 93)
Time                46650: BRAM read address=0x808 (32,  8), data=0x39 ( 57)
Time                46670: BRAM read address=0x809 (32,  9), data=0x55 ( 85)
Time                46690: BRAM read address=0x80a (32, 10), data=0x67 (103)
Time                46710: BRAM read address=0x80b (32, 11), data=0x51 ( 81)
Time                46730: BRAM read address=0x80c (32, 12), data=0x40 ( 64)
Time                46750: BRAM read address=0x80d (32, 13), data=0x36 ( 54)
Time                46770: BRAM read address=0x80e (32, 14), data=0x51 ( 81)
Time                46790: BRAM read address=0x80f (32, 15), data=0x76 (118)
Time                46810: BRAM read address=0x810 (32, 16), data=0x23 ( 35)
Time                46830: BRAM read address=0x811 (32, 17), data=0x48 ( 72)
Time                46850: BRAM read address=0x812 (32, 18), data=0x39 ( 57)
Time                46870: BRAM read address=0x813 (32, 19), data=0x45 ( 69)
Time                46890: BRAM read address=0x814 (32, 20), data=0x49 ( 73)
Time                46910: BRAM read address=0x815 (32, 21), data=0x51 ( 81)
Time                46930: BRAM read address=0x816 (32, 22), data=0x33 ( 51)
Time                46950: BRAM read address=0x817 (32, 23), data=0x63 ( 99)
Time                46970: BRAM read address=0x818 (32, 24), data=0x39 ( 57)
Time                46990: BRAM read address=0x819 (32, 25), data=0x25 ( 37)
Time                47010: BRAM read address=0x81a (32, 26), data=0x42 ( 66)
Time                47030: BRAM read address=0x81b (32, 27), data=0x38 ( 56)
Time                47050: BRAM read address=0x81c (32, 28), data=0x34 ( 52)
Time                47070: BRAM read address=0x81d (32, 29), data=0x50 ( 80)
Time                47090: BRAM read address=0x81e (32, 30), data=0x43 ( 67)
Time                47110: BRAM read address=0x81f (32, 31), data=0x49 ( 73)
Time                47130: BRAM read address=0x820 (32, 32), data=0x47 ( 71)
Time                47150: BRAM read address=0x821 (32, 33), data=0x32 ( 50)
Time                47170: BRAM read address=0x822 (32, 34), data=0x47 ( 71)
Time                47190: BRAM read address=0x823 (32, 35), data=0x3d ( 61)
Time                47210: BRAM read address=0x824 (32, 36), data=0x57 ( 87)
Time                47230: BRAM read address=0x825 (32, 37), data=0x4b ( 75)
Time                47250: BRAM read address=0x826 (32, 38), data=0x28 ( 40)
Time                47270: BRAM read address=0x827 (32, 39), data=0x2b ( 43)
Time                47290: BRAM read address=0x828 (32, 40), data=0x5e ( 94)
Time                47310: BRAM read address=0x829 (32, 41), data=0x3c ( 60)
Time                47330: BRAM read address=0x82a (32, 42), data=0x2b ( 43)
Time                47350: BRAM read address=0x82b (32, 43), data=0x39 ( 57)
Time                47370: BRAM read address=0x82c (32, 44), data=0x32 ( 50)
Time                47390: BRAM read address=0x82d (32, 45), data=0x6d (109)
Time                47410: BRAM read address=0x82e (32, 46), data=0x3d ( 61)
Time                47430: BRAM read address=0x82f (32, 47), data=0x60 ( 96)
Time                47450: BRAM read address=0x830 (32, 48), data=0x40 ( 64)
Time                47470: BRAM read address=0x831 (32, 49), data=0x1e ( 30)
Time                47490: BRAM read address=0x832 (32, 50), data=0x3f ( 63)
Time                47510: BRAM read address=0x833 (32, 51), data=0x46 ( 70)
Time                47530: BRAM read address=0x834 (32, 52), data=0x44 ( 68)
Time                47550: BRAM read address=0x835 (32, 53), data=0x4a ( 74)
Time                47570: BRAM read address=0x836 (32, 54), data=0x4e ( 78)
Time                47590: BRAM read address=0x837 (32, 55), data=0x27 ( 39)
Time                47610: BRAM read address=0x838 (32, 56), data=0x71 (113)
Time                47630: BRAM read address=0x839 (32, 57), data=0x33 ( 51)
Time                47650: BRAM read address=0x83a (32, 58), data=0x44 ( 68)
Time                47670: BRAM read address=0x83b (32, 59), data=0x41 ( 65)
Time                47690: BRAM read address=0x83c (32, 60), data=0x43 ( 67)
Time                47710: BRAM read address=0x83d (32, 61), data=0x3e ( 62)
Time                47730: BRAM read address=0x83e (32, 62), data=0x6d (109)
Time                47750: BRAM read address=0x83f (32, 63), data=0x3f ( 63)
Time                47770: BRAM read address=0x000 ( 0,  0), data=0x57 ( 87)
Time                47850: BRAM read address=0x840 (33,  0), data=0x23 ( 35)
Time                47870: BRAM read address=0x841 (33,  1), data=0x62 ( 98)
Time                47890: BRAM read address=0x842 (33,  2), data=0x26 ( 38)
Time                47910: BRAM read address=0x843 (33,  3), data=0x49 ( 73)
Time                47930: BRAM read address=0x844 (33,  4), data=0x53 ( 83)
Time                47950: BRAM read address=0x845 (33,  5), data=0x45 ( 69)
Time                47970: BRAM read address=0x846 (33,  6), data=0x54 ( 84)
Time                47990: BRAM read address=0x847 (33,  7), data=0x2a ( 42)
Time                48010: BRAM read address=0x848 (33,  8), data=0x5a ( 90)
Time                48030: BRAM read address=0x849 (33,  9), data=0x24 ( 36)
Time                48050: BRAM read address=0x84a (33, 10), data=0x3f ( 63)
Time                48070: BRAM read address=0x84b (33, 11), data=0x2d ( 45)
Time                48090: BRAM read address=0x84c (33, 12), data=0x41 ( 65)
Time                48110: BRAM read address=0x84d (33, 13), data=0x63 ( 99)
Time                48130: BRAM read address=0x84e (33, 14), data=0x4d ( 77)
Time                48150: BRAM read address=0x84f (33, 15), data=0x3e ( 62)
Time                48170: BRAM read address=0x850 (33, 16), data=0x6c (108)
Time                48190: BRAM read address=0x851 (33, 17), data=0x2c ( 44)
Time                48210: BRAM read address=0x852 (33, 18), data=0x4c ( 76)
Time                48230: BRAM read address=0x853 (33, 19), data=0x32 ( 50)
Time                48250: BRAM read address=0x854 (33, 20), data=0x4f ( 79)
Time                48270: BRAM read address=0x855 (33, 21), data=0x3e ( 62)
Time                48290: BRAM read address=0x856 (33, 22), data=0x42 ( 66)
Time                48310: BRAM read address=0x857 (33, 23), data=0x37 ( 55)
Time                48330: BRAM read address=0x858 (33, 24), data=0x4d ( 77)
Time                48350: BRAM read address=0x859 (33, 25), data=0x37 ( 55)
Time                48370: BRAM read address=0x85a (33, 26), data=0x4a ( 74)
Time                48390: BRAM read address=0x85b (33, 27), data=0x43 ( 67)
Time                48410: BRAM read address=0x85c (33, 28), data=0x44 ( 68)
Time                48430: BRAM read address=0x85d (33, 29), data=0x23 ( 35)
Time                48450: BRAM read address=0x85e (33, 30), data=0x10 ( 16)
Time                48470: BRAM read address=0x85f (33, 31), data=0x38 ( 56)
Time                48490: BRAM read address=0x860 (33, 32), data=0x5d ( 93)
Time                48510: BRAM read address=0x861 (33, 33), data=0x43 ( 67)
Time                48530: BRAM read address=0x862 (33, 34), data=0x26 ( 38)
Time                48550: BRAM read address=0x863 (33, 35), data=0x3f ( 63)
Time                48570: BRAM read address=0x864 (33, 36), data=0x4e ( 78)
Time                48590: BRAM read address=0x865 (33, 37), data=0x49 ( 73)
Time                48610: BRAM read address=0x866 (33, 38), data=0x5f ( 95)
Time                48630: BRAM read address=0x867 (33, 39), data=0x47 ( 71)
Time                48650: BRAM read address=0x868 (33, 40), data=0x38 ( 56)
Time                48670: BRAM read address=0x869 (33, 41), data=0x2f ( 47)
Time                48690: BRAM read address=0x86a (33, 42), data=0x42 ( 66)
Time                48710: BRAM read address=0x86b (33, 43), data=0x42 ( 66)
Time                48730: BRAM read address=0x86c (33, 44), data=0x30 ( 48)
Time                48750: BRAM read address=0x86d (33, 45), data=0x27 ( 39)
Time                48770: BRAM read address=0x86e (33, 46), data=0x34 ( 52)
Time                48790: BRAM read address=0x86f (33, 47), data=0x58 ( 88)
Time                48810: BRAM read address=0x870 (33, 48), data=0x50 ( 80)
Time                48830: BRAM read address=0x871 (33, 49), data=0x54 ( 84)
Time                48850: BRAM read address=0x872 (33, 50), data=0x2f ( 47)
Time                48870: BRAM read address=0x873 (33, 51), data=0x31 ( 49)
Time                48890: BRAM read address=0x874 (33, 52), data=0x3e ( 62)
Time                48910: BRAM read address=0x875 (33, 53), data=0x2d ( 45)
Time                48930: BRAM read address=0x876 (33, 54), data=0x48 ( 72)
Time                48950: BRAM read address=0x877 (33, 55), data=0x41 ( 65)
Time                48970: BRAM read address=0x878 (33, 56), data=0x3f ( 63)
Time                48990: BRAM read address=0x879 (33, 57), data=0x51 ( 81)
Time                49010: BRAM read address=0x87a (33, 58), data=0x3c ( 60)
Time                49030: BRAM read address=0x87b (33, 59), data=0x41 ( 65)
Time                49050: BRAM read address=0x87c (33, 60), data=0x24 ( 36)
Time                49070: BRAM read address=0x87d (33, 61), data=0x38 ( 56)
Time                49090: BRAM read address=0x87e (33, 62), data=0x43 ( 67)
Time                49110: BRAM read address=0x87f (33, 63), data=0x3a ( 58)
Time                49130: BRAM read address=0x000 ( 0,  0), data=0x57 ( 87)
Time                49210: BRAM read address=0x880 (34,  0), data=0x39 ( 57)
Time                49230: BRAM read address=0x881 (34,  1), data=0x31 ( 49)
Time                49250: BRAM read address=0x882 (34,  2), data=0x3f ( 63)
Time                49270: BRAM read address=0x883 (34,  3), data=0x41 ( 65)
Time                49290: BRAM read address=0x884 (34,  4), data=0x4c ( 76)
Time                49310: BRAM read address=0x885 (34,  5), data=0x29 ( 41)
Time                49330: BRAM read address=0x886 (34,  6), data=0x4e ( 78)
Time                49350: BRAM read address=0x887 (34,  7), data=0x40 ( 64)
Time                49370: BRAM read address=0x888 (34,  8), data=0x5b ( 91)
Time                49390: BRAM read address=0x889 (34,  9), data=0x32 ( 50)
Time                49410: BRAM read address=0x88a (34, 10), data=0x46 ( 70)
Time                49430: BRAM read address=0x88b (34, 11), data=0x52 ( 82)
Time                49450: BRAM read address=0x88c (34, 12), data=0x4b ( 75)
Time                49470: BRAM read address=0x88d (34, 13), data=0x63 ( 99)
Time                49490: BRAM read address=0x88e (34, 14), data=0x34 ( 52)
Time                49510: BRAM read address=0x88f (34, 15), data=0x49 ( 73)
Time                49530: BRAM read address=0x890 (34, 16), data=0x24 ( 36)
Time                49550: BRAM read address=0x891 (34, 17), data=0x34 ( 52)
Time                49570: BRAM read address=0x892 (34, 18), data=0x41 ( 65)
Time                49590: BRAM read address=0x893 (34, 19), data=0x51 ( 81)
Time                49610: BRAM read address=0x894 (34, 20), data=0x5c ( 92)
Time                49630: BRAM read address=0x895 (34, 21), data=0x4b ( 75)
Time                49650: BRAM read address=0x896 (34, 22), data=0x18 ( 24)
Time                49670: BRAM read address=0x897 (34, 23), data=0x4a ( 74)
Time                49690: BRAM read address=0x898 (34, 24), data=0x29 ( 41)
Time                49710: BRAM read address=0x899 (34, 25), data=0x5d ( 93)
Time                49730: BRAM read address=0x89a (34, 26), data=0x28 ( 40)
Time                49750: BRAM read address=0x89b (34, 27), data=0x41 ( 65)
Time                49770: BRAM read address=0x89c (34, 28), data=0x3e ( 62)
Time                49790: BRAM read address=0x89d (34, 29), data=0x4b ( 75)
Time                49810: BRAM read address=0x89e (34, 30), data=0x45 ( 69)
Time                49830: BRAM read address=0x89f (34, 31), data=0x48 ( 72)
Time                49850: BRAM read address=0x8a0 (34, 32), data=0x64 (100)
Time                49870: BRAM read address=0x8a1 (34, 33), data=0x5c ( 92)
Time                49890: BRAM read address=0x8a2 (34, 34), data=0x3e ( 62)
Time                49910: BRAM read address=0x8a3 (34, 35), data=0x28 ( 40)
Time                49930: BRAM read address=0x8a4 (34, 36), data=0x26 ( 38)
Time                49950: BRAM read address=0x8a5 (34, 37), data=0x36 ( 54)
Time                49970: BRAM read address=0x8a6 (34, 38), data=0x58 ( 88)
Time                49990: BRAM read address=0x8a7 (34, 39), data=0x22 ( 34)
Time                50010: BRAM read address=0x8a8 (34, 40), data=0x21 ( 33)
Time                50030: BRAM read address=0x8a9 (34, 41), data=0x55 ( 85)
Time                50050: BRAM read address=0x8aa (34, 42), data=0x46 ( 70)
Time                50070: BRAM read address=0x8ab (34, 43), data=0x2f ( 47)
Time                50090: BRAM read address=0x8ac (34, 44), data=0x5d ( 93)
Time                50110: BRAM read address=0x8ad (34, 45), data=0x2c ( 44)
Time                50130: BRAM read address=0x8ae (34, 46), data=0x2a ( 42)
Time                50150: BRAM read address=0x8af (34, 47), data=0x5a ( 90)
Time                50170: BRAM read address=0x8b0 (34, 48), data=0x3f ( 63)
Time                50190: BRAM read address=0x8b1 (34, 49), data=0x57 ( 87)
Time                50210: BRAM read address=0x8b2 (34, 50), data=0x42 ( 66)
Time                50230: BRAM read address=0x8b3 (34, 51), data=0x4d ( 77)
Time                50250: BRAM read address=0x8b4 (34, 52), data=0x45 ( 69)
Time                50270: BRAM read address=0x8b5 (34, 53), data=0x2b ( 43)
Time                50290: BRAM read address=0x8b6 (34, 54), data=0x53 ( 83)
Time                50310: BRAM read address=0x8b7 (34, 55), data=0x3e ( 62)
Time                50330: BRAM read address=0x8b8 (34, 56), data=0x4b ( 75)
Time                50350: BRAM read address=0x8b9 (34, 57), data=0x2d ( 45)
Time                50370: BRAM read address=0x8ba (34, 58), data=0x3d ( 61)
Time                50390: BRAM read address=0x8bb (34, 59), data=0x2e ( 46)
Time                50410: BRAM read address=0x8bc (34, 60), data=0x26 ( 38)
Time                50430: BRAM read address=0x8bd (34, 61), data=0x57 ( 87)
Time                50450: BRAM read address=0x8be (34, 62), data=0x2d ( 45)
Time                50470: BRAM read address=0x8bf (34, 63), data=0x32 ( 50)
Time                50490: BRAM read address=0x000 ( 0,  0), data=0x57 ( 87)
Time                50570: BRAM read address=0x8c0 (35,  0), data=0x22 ( 34)
Time                50590: BRAM read address=0x8c1 (35,  1), data=0x2a ( 42)
Time                50610: BRAM read address=0x8c2 (35,  2), data=0x36 ( 54)
Time                50630: BRAM read address=0x8c3 (35,  3), data=0x62 ( 98)
Time                50650: BRAM read address=0x8c4 (35,  4), data=0x1f ( 31)
Time                50670: BRAM read address=0x8c5 (35,  5), data=0x30 ( 48)
Time                50690: BRAM read address=0x8c6 (35,  6), data=0x4b ( 75)
Time                50710: BRAM read address=0x8c7 (35,  7), data=0x33 ( 51)
Time                50730: BRAM read address=0x8c8 (35,  8), data=0x1b ( 27)
Time                50750: BRAM read address=0x8c9 (35,  9), data=0x27 ( 39)
Time                50770: BRAM read address=0x8ca (35, 10), data=0x3a ( 58)
Time                50790: BRAM read address=0x8cb (35, 11), data=0x0a ( 10)
Time                50810: BRAM read address=0x8cc (35, 12), data=0x54 ( 84)
Time                50830: BRAM read address=0x8cd (35, 13), data=0x45 ( 69)
Time                50850: BRAM read address=0x8ce (35, 14), data=0x3a ( 58)
Time                50870: BRAM read address=0x8cf (35, 15), data=0x34 ( 52)
Time                50890: BRAM read address=0x8d0 (35, 16), data=0x39 ( 57)
Time                50910: BRAM read address=0x8d1 (35, 17), data=0x2d ( 45)
Time                50930: BRAM read address=0x8d2 (35, 18), data=0x47 ( 71)
Time                50950: BRAM read address=0x8d3 (35, 19), data=0x3f ( 63)
Time                50970: BRAM read address=0x8d4 (35, 20), data=0x3f ( 63)
Time                50990: BRAM read address=0x8d5 (35, 21), data=0x33 ( 51)
Time                51010: BRAM read address=0x8d6 (35, 22), data=0x56 ( 86)
Time                51030: BRAM read address=0x8d7 (35, 23), data=0x46 ( 70)
Time                51050: BRAM read address=0x8d8 (35, 24), data=0x4a ( 74)
Time                51070: BRAM read address=0x8d9 (35, 25), data=0x4c ( 76)
Time                51090: BRAM read address=0x8da (35, 26), data=0x0c ( 12)
Time                51110: BRAM read address=0x8db (35, 27), data=0x58 ( 88)
Time                51130: BRAM read address=0x8dc (35, 28), data=0x59 ( 89)
Time                51150: BRAM read address=0x8dd (35, 29), data=0x15 ( 21)
Time                51170: BRAM read address=0x8de (35, 30), data=0x57 ( 87)
Time                51190: BRAM read address=0x8df (35, 31), data=0x2e ( 46)
Time                51210: BRAM read address=0x8e0 (35, 32), data=0x31 ( 49)
Time                51230: BRAM read address=0x8e1 (35, 33), data=0x22 ( 34)
Time                51250: BRAM read address=0x8e2 (35, 34), data=0x51 ( 81)
Time                51270: BRAM read address=0x8e3 (35, 35), data=0x25 ( 37)
Time                51290: BRAM read address=0x8e4 (35, 36), data=0x26 ( 38)
Time                51310: BRAM read address=0x8e5 (35, 37), data=0x4f ( 79)
Time                51330: BRAM read address=0x8e6 (35, 38), data=0x56 ( 86)
Time                51350: BRAM read address=0x8e7 (35, 39), data=0x51 ( 81)
Time                51370: BRAM read address=0x8e8 (35, 40), data=0x32 ( 50)
Time                51390: BRAM read address=0x8e9 (35, 41), data=0x43 ( 67)
Time                51410: BRAM read address=0x8ea (35, 42), data=0x4f ( 79)
Time                51430: BRAM read address=0x8eb (35, 43), data=0x5b ( 91)
Time                51450: BRAM read address=0x8ec (35, 44), data=0x36 ( 54)
Time                51470: BRAM read address=0x8ed (35, 45), data=0x4c ( 76)
Time                51490: BRAM read address=0x8ee (35, 46), data=0x1e ( 30)
Time                51510: BRAM read address=0x8ef (35, 47), data=0x26 ( 38)
Time                51530: BRAM read address=0x8f0 (35, 48), data=0x2c ( 44)
Time                51550: BRAM read address=0x8f1 (35, 49), data=0x4f ( 79)
Time                51570: BRAM read address=0x8f2 (35, 50), data=0x41 ( 65)
Time                51590: BRAM read address=0x8f3 (35, 51), data=0x45 ( 69)
Time                51610: BRAM read address=0x8f4 (35, 52), data=0x42 ( 66)
Time                51630: BRAM read address=0x8f5 (35, 53), data=0x36 ( 54)
Time                51650: BRAM read address=0x8f6 (35, 54), data=0x52 ( 82)
Time                51670: BRAM read address=0x8f7 (35, 55), data=0x40 ( 64)
Time                51690: BRAM read address=0x8f8 (35, 56), data=0x3d ( 61)
Time                51710: BRAM read address=0x8f9 (35, 57), data=0x20 ( 32)
Time                51730: BRAM read address=0x8fa (35, 58), data=0x31 ( 49)
Time                51750: BRAM read address=0x8fb (35, 59), data=0x42 ( 66)
Time                51770: BRAM read address=0x8fc (35, 60), data=0x37 ( 55)
Time                51790: BRAM read address=0x8fd (35, 61), data=0x46 ( 70)
Time                51810: BRAM read address=0x8fe (35, 62), data=0x4e ( 78)
Time                51830: BRAM read address=0x8ff (35, 63), data=0x43 ( 67)
Time                51850: BRAM read address=0x000 ( 0,  0), data=0x57 ( 87)
Time                51930: BRAM read address=0x900 (36,  0), data=0x17 ( 23)
Time                51950: BRAM read address=0x901 (36,  1), data=0x61 ( 97)
Time                51970: BRAM read address=0x902 (36,  2), data=0x21 ( 33)
Time                51990: BRAM read address=0x903 (36,  3), data=0x2e ( 46)
Time                52010: BRAM read address=0x904 (36,  4), data=0x2d ( 45)
Time                52030: BRAM read address=0x905 (36,  5), data=0x25 ( 37)
Time                52050: BRAM read address=0x906 (36,  6), data=0x17 ( 23)
Time                52070: BRAM read address=0x907 (36,  7), data=0x3a ( 58)
Time                52090: BRAM read address=0x908 (36,  8), data=0x5b ( 91)
Time                52110: BRAM read address=0x909 (36,  9), data=0x3e ( 62)
Time                52130: BRAM read address=0x90a (36, 10), data=0x54 ( 84)
Time                52150: BRAM read address=0x90b (36, 11), data=0x2b ( 43)
Time                52170: BRAM read address=0x90c (36, 12), data=0x58 ( 88)
Time                52190: BRAM read address=0x90d (36, 13), data=0x41 ( 65)
Time                52210: BRAM read address=0x90e (36, 14), data=0x68 (104)
Time                52230: BRAM read address=0x90f (36, 15), data=0x4e ( 78)
Time                52250: BRAM read address=0x910 (36, 16), data=0x46 ( 70)
Time                52270: BRAM read address=0x911 (36, 17), data=0x3f ( 63)
Time                52290: BRAM read address=0x912 (36, 18), data=0x2d ( 45)
Time                52310: BRAM read address=0x913 (36, 19), data=0x29 ( 41)
Time                52330: BRAM read address=0x914 (36, 20), data=0x4b ( 75)
Time                52350: BRAM read address=0x915 (36, 21), data=0x2e ( 46)
Time                52370: BRAM read address=0x916 (36, 22), data=0x45 ( 69)
Time                52390: BRAM read address=0x917 (36, 23), data=0x5e ( 94)
Time                52410: BRAM read address=0x918 (36, 24), data=0x1c ( 28)
Time                52430: BRAM read address=0x919 (36, 25), data=0x4b ( 75)
Time                52450: BRAM read address=0x91a (36, 26), data=0x32 ( 50)
Time                52470: BRAM read address=0x91b (36, 27), data=0x38 ( 56)
Time                52490: BRAM read address=0x91c (36, 28), data=0x1d ( 29)
Time                52510: BRAM read address=0x91d (36, 29), data=0x5e ( 94)
Time                52530: BRAM read address=0x91e (36, 30), data=0x34 ( 52)
Time                52550: BRAM read address=0x91f (36, 31), data=0x29 ( 41)
Time                52570: BRAM read address=0x920 (36, 32), data=0x55 ( 85)
Time                52590: BRAM read address=0x921 (36, 33), data=0x48 ( 72)
Time                52610: BRAM read address=0x922 (36, 34), data=0x4a ( 74)
Time                52630: BRAM read address=0x923 (36, 35), data=0x2b ( 43)
Time                52650: BRAM read address=0x924 (36, 36), data=0x3e ( 62)
Time                52670: BRAM read address=0x925 (36, 37), data=0x11 ( 17)
Time                52690: BRAM read address=0x926 (36, 38), data=0x34 ( 52)
Time                52710: BRAM read address=0x927 (36, 39), data=0x1a ( 26)
Time                52730: BRAM read address=0x928 (36, 40), data=0x59 ( 89)
Time                52750: BRAM read address=0x929 (36, 41), data=0x60 ( 96)
Time                52770: BRAM read address=0x92a (36, 42), data=0x6d (109)
Time                52790: BRAM read address=0x92b (36, 43), data=0x1f ( 31)
Time                52810: BRAM read address=0x92c (36, 44), data=0x0b ( 11)
Time                52830: BRAM read address=0x92d (36, 45), data=0x62 ( 98)
Time                52850: BRAM read address=0x92e (36, 46), data=0x5f ( 95)
Time                52870: BRAM read address=0x92f (36, 47), data=0x2e ( 46)
Time                52890: BRAM read address=0x930 (36, 48), data=0x56 ( 86)
Time                52910: BRAM read address=0x931 (36, 49), data=0x40 ( 64)
Time                52930: BRAM read address=0x932 (36, 50), data=0x34 ( 52)
Time                52950: BRAM read address=0x933 (36, 51), data=0x58 ( 88)
Time                52970: BRAM read address=0x934 (36, 52), data=0x45 ( 69)
Time                52990: BRAM read address=0x935 (36, 53), data=0x4b ( 75)
Time                53010: BRAM read address=0x936 (36, 54), data=0x42 ( 66)
Time                53030: BRAM read address=0x937 (36, 55), data=0x61 ( 97)
Time                53050: BRAM read address=0x938 (36, 56), data=0x41 ( 65)
Time                53070: BRAM read address=0x939 (36, 57), data=0x46 ( 70)
Time                53090: BRAM read address=0x93a (36, 58), data=0x32 ( 50)
Time                53110: BRAM read address=0x93b (36, 59), data=0x2a ( 42)
Time                53130: BRAM read address=0x93c (36, 60), data=0x22 ( 34)
Time                53150: BRAM read address=0x93d (36, 61), data=0x19 ( 25)
Time                53170: BRAM read address=0x93e (36, 62), data=0x4e ( 78)
Time                53190: BRAM read address=0x93f (36, 63), data=0x40 ( 64)
Time                53210: BRAM read address=0x000 ( 0,  0), data=0x57 ( 87)
Time                53290: BRAM read address=0x940 (37,  0), data=0x5f ( 95)
Time                53310: BRAM read address=0x941 (37,  1), data=0x41 ( 65)
Time                53330: BRAM read address=0x942 (37,  2), data=0x74 (116)
Time                53350: BRAM read address=0x943 (37,  3), data=0x43 ( 67)
Time                53370: BRAM read address=0x944 (37,  4), data=0x37 ( 55)
Time                53390: BRAM read address=0x945 (37,  5), data=0x37 ( 55)
Time                53410: BRAM read address=0x946 (37,  6), data=0x20 ( 32)
Time                53430: BRAM read address=0x947 (37,  7), data=0x4b ( 75)
Time                53450: BRAM read address=0x948 (37,  8), data=0x52 ( 82)
Time                53470: BRAM read address=0x949 (37,  9), data=0x17 ( 23)
Time                53490: BRAM read address=0x94a (37, 10), data=0x37 ( 55)
Time                53510: BRAM read address=0x94b (37, 11), data=0x3b ( 59)
Time                53530: BRAM read address=0x94c (37, 12), data=0x50 ( 80)
Time                53550: BRAM read address=0x94d (37, 13), data=0x5b ( 91)
Time                53570: BRAM read address=0x94e (37, 14), data=0x70 (112)
Time                53590: BRAM read address=0x94f (37, 15), data=0x60 ( 96)
Time                53610: BRAM read address=0x950 (37, 16), data=0x33 ( 51)
Time                53630: BRAM read address=0x951 (37, 17), data=0x32 ( 50)
Time                53650: BRAM read address=0x952 (37, 18), data=0x40 ( 64)
Time                53670: BRAM read address=0x953 (37, 19), data=0x4a ( 74)
Time                53690: BRAM read address=0x954 (37, 20), data=0x80 (128)
Time                53710: BRAM read address=0x955 (37, 21), data=0x2b ( 43)
Time                53730: BRAM read address=0x956 (37, 22), data=0x3c ( 60)
Time                53750: BRAM read address=0x957 (37, 23), data=0x38 ( 56)
Time                53770: BRAM read address=0x958 (37, 24), data=0x41 ( 65)
Time                53790: BRAM read address=0x959 (37, 25), data=0x4e ( 78)
Time                53810: BRAM read address=0x95a (37, 26), data=0x38 ( 56)
Time                53830: BRAM read address=0x95b (37, 27), data=0x17 ( 23)
Time                53850: BRAM read address=0x95c (37, 28), data=0x5c ( 92)
Time                53870: BRAM read address=0x95d (37, 29), data=0x55 ( 85)
Time                53890: BRAM read address=0x95e (37, 30), data=0x10 ( 16)
Time                53910: BRAM read address=0x95f (37, 31), data=0x3f ( 63)
Time                53930: BRAM read address=0x960 (37, 32), data=0x27 ( 39)
Time                53950: BRAM read address=0x961 (37, 33), data=0x2d ( 45)
Time                53970: BRAM read address=0x962 (37, 34), data=0x1d ( 29)
Time                53990: BRAM read address=0x963 (37, 35), data=0x46 ( 70)
Time                54010: BRAM read address=0x964 (37, 36), data=0x3e ( 62)
Time                54030: BRAM read address=0x965 (37, 37), data=0x45 ( 69)
Time                54050: BRAM read address=0x966 (37, 38), data=0x47 ( 71)
Time                54070: BRAM read address=0x967 (37, 39), data=0x4a ( 74)
Time                54090: BRAM read address=0x968 (37, 40), data=0x3f ( 63)
Time                54110: BRAM read address=0x969 (37, 41), data=0x3b ( 59)
Time                54130: BRAM read address=0x96a (37, 42), data=0x35 ( 53)
Time                54150: BRAM read address=0x96b (37, 43), data=0x33 ( 51)
Time                54170: BRAM read address=0x96c (37, 44), data=0x60 ( 96)
Time                54190: BRAM read address=0x96d (37, 45), data=0x1f ( 31)
Time                54210: BRAM read address=0x96e (37, 46), data=0x47 ( 71)
Time                54230: BRAM read address=0x96f (37, 47), data=0x30 ( 48)
Time                54250: BRAM read address=0x970 (37, 48), data=0x39 ( 57)
Time                54270: BRAM read address=0x971 (37, 49), data=0x19 ( 25)
Time                54290: BRAM read address=0x972 (37, 50), data=0x42 ( 66)
Time                54310: BRAM read address=0x973 (37, 51), data=0x4e ( 78)
Time                54330: BRAM read address=0x974 (37, 52), data=0x2f ( 47)
Time                54350: BRAM read address=0x975 (37, 53), data=0x1b ( 27)
Time                54370: BRAM read address=0x976 (37, 54), data=0x4d ( 77)
Time                54390: BRAM read address=0x977 (37, 55), data=0x2f ( 47)
Time                54410: BRAM read address=0x978 (37, 56), data=0x37 ( 55)
Time                54430: BRAM read address=0x979 (37, 57), data=0x3b ( 59)
Time                54450: BRAM read address=0x97a (37, 58), data=0x43 ( 67)
Time                54470: BRAM read address=0x97b (37, 59), data=0x47 ( 71)
Time                54490: BRAM read address=0x97c (37, 60), data=0x41 ( 65)
Time                54510: BRAM read address=0x97d (37, 61), data=0x2f ( 47)
Time                54530: BRAM read address=0x97e (37, 62), data=0x44 ( 68)
Time                54550: BRAM read address=0x97f (37, 63), data=0x3d ( 61)
Time                54570: BRAM read address=0x000 ( 0,  0), data=0x57 ( 87)
Time                54650: BRAM read address=0x980 (38,  0), data=0x18 ( 24)
Time                54670: BRAM read address=0x981 (38,  1), data=0x37 ( 55)
Time                54690: BRAM read address=0x982 (38,  2), data=0x5a ( 90)
Time                54710: BRAM read address=0x983 (38,  3), data=0x22 ( 34)
Time                54730: BRAM read address=0x984 (38,  4), data=0x40 ( 64)
Time                54750: BRAM read address=0x985 (38,  5), data=0x2a ( 42)
Time                54770: BRAM read address=0x986 (38,  6), data=0x32 ( 50)
Time                54790: BRAM read address=0x987 (38,  7), data=0x44 ( 68)
Time                54810: BRAM read address=0x988 (38,  8), data=0x38 ( 56)
Time                54830: BRAM read address=0x989 (38,  9), data=0x5f ( 95)
Time                54850: BRAM read address=0x98a (38, 10), data=0x53 ( 83)
Time                54870: BRAM read address=0x98b (38, 11), data=0x26 ( 38)
Time                54890: BRAM read address=0x98c (38, 12), data=0x33 ( 51)
Time                54910: BRAM read address=0x98d (38, 13), data=0x28 ( 40)
Time                54930: BRAM read address=0x98e (38, 14), data=0x32 ( 50)
Time                54950: BRAM read address=0x98f (38, 15), data=0x34 ( 52)
Time                54970: BRAM read address=0x990 (38, 16), data=0x3d ( 61)
Time                54990: BRAM read address=0x991 (38, 17), data=0x3e ( 62)
Time                55010: BRAM read address=0x992 (38, 18), data=0x26 ( 38)
Time                55030: BRAM read address=0x993 (38, 19), data=0x3c ( 60)
Time                55050: BRAM read address=0x994 (38, 20), data=0x55 ( 85)
Time                55070: BRAM read address=0x995 (38, 21), data=0x20 ( 32)
Time                55090: BRAM read address=0x996 (38, 22), data=0x65 (101)
Time                55110: BRAM read address=0x997 (38, 23), data=0x3d ( 61)
Time                55130: BRAM read address=0x998 (38, 24), data=0x37 ( 55)
Time                55150: BRAM read address=0x999 (38, 25), data=0x14 ( 20)
Time                55170: BRAM read address=0x99a (38, 26), data=0x35 ( 53)
Time                55190: BRAM read address=0x99b (38, 27), data=0x40 ( 64)
Time                55210: BRAM read address=0x99c (38, 28), data=0x3c ( 60)
Time                55230: BRAM read address=0x99d (38, 29), data=0x64 (100)
Time                55250: BRAM read address=0x99e (38, 30), data=0x29 ( 41)
Time                55270: BRAM read address=0x99f (38, 31), data=0x51 ( 81)
Time                55290: BRAM read address=0x9a0 (38, 32), data=0x4a ( 74)
Time                55310: BRAM read address=0x9a1 (38, 33), data=0x4e ( 78)
Time                55330: BRAM read address=0x9a2 (38, 34), data=0x37 ( 55)
Time                55350: BRAM read address=0x9a3 (38, 35), data=0x5c ( 92)
Time                55370: BRAM read address=0x9a4 (38, 36), data=0x57 ( 87)
Time                55390: BRAM read address=0x9a5 (38, 37), data=0x46 ( 70)
Time                55410: BRAM read address=0x9a6 (38, 38), data=0x2f ( 47)
Time                55430: BRAM read address=0x9a7 (38, 39), data=0x54 ( 84)
Time                55450: BRAM read address=0x9a8 (38, 40), data=0x31 ( 49)
Time                55470: BRAM read address=0x9a9 (38, 41), data=0x54 ( 84)
Time                55490: BRAM read address=0x9aa (38, 42), data=0x40 ( 64)
Time                55510: BRAM read address=0x9ab (38, 43), data=0x40 ( 64)
Time                55530: BRAM read address=0x9ac (38, 44), data=0x1b ( 27)
Time                55550: BRAM read address=0x9ad (38, 45), data=0x38 ( 56)
Time                55570: BRAM read address=0x9ae (38, 46), data=0x57 ( 87)
Time                55590: BRAM read address=0x9af (38, 47), data=0x3a ( 58)
Time                55610: BRAM read address=0x9b0 (38, 48), data=0x56 ( 86)
Time                55630: BRAM read address=0x9b1 (38, 49), data=0x2e ( 46)
Time                55650: BRAM read address=0x9b2 (38, 50), data=0x64 (100)
Time                55670: BRAM read address=0x9b3 (38, 51), data=0x3c ( 60)
Time                55690: BRAM read address=0x9b4 (38, 52), data=0x30 ( 48)
Time                55710: BRAM read address=0x9b5 (38, 53), data=0x48 ( 72)
Time                55730: BRAM read address=0x9b6 (38, 54), data=0x48 ( 72)
Time                55750: BRAM read address=0x9b7 (38, 55), data=0x2f ( 47)
Time                55770: BRAM read address=0x9b8 (38, 56), data=0x50 ( 80)
Time                55790: BRAM read address=0x9b9 (38, 57), data=0x4b ( 75)
Time                55810: BRAM read address=0x9ba (38, 58), data=0x53 ( 83)
Time                55830: BRAM read address=0x9bb (38, 59), data=0x45 ( 69)
Time                55850: BRAM read address=0x9bc (38, 60), data=0x3d ( 61)
Time                55870: BRAM read address=0x9bd (38, 61), data=0x70 (112)
Time                55890: BRAM read address=0x9be (38, 62), data=0x41 ( 65)
Time                55910: BRAM read address=0x9bf (38, 63), data=0x70 (112)
Time                55930: BRAM read address=0x000 ( 0,  0), data=0x57 ( 87)
Time                56010: BRAM read address=0x9c0 (39,  0), data=0x43 ( 67)
Time                56030: BRAM read address=0x9c1 (39,  1), data=0x3b ( 59)
Time                56050: BRAM read address=0x9c2 (39,  2), data=0x69 (105)
Time                56070: BRAM read address=0x9c3 (39,  3), data=0x70 (112)
Time                56090: BRAM read address=0x9c4 (39,  4), data=0x2e ( 46)
Time                56110: BRAM read address=0x9c5 (39,  5), data=0x41 ( 65)
Time                56130: BRAM read address=0x9c6 (39,  6), data=0x5c ( 92)
Time                56150: BRAM read address=0x9c7 (39,  7), data=0x50 ( 80)
Time                56170: BRAM read address=0x9c8 (39,  8), data=0x36 ( 54)
Time                56190: BRAM read address=0x9c9 (39,  9), data=0x30 ( 48)
Time                56210: BRAM read address=0x9ca (39, 10), data=0x47 ( 71)
Time                56230: BRAM read address=0x9cb (39, 11), data=0x47 ( 71)
Time                56250: BRAM read address=0x9cc (39, 12), data=0x49 ( 73)
Time                56270: BRAM read address=0x9cd (39, 13), data=0x46 ( 70)
Time                56290: BRAM read address=0x9ce (39, 14), data=0x57 ( 87)
Time                56310: BRAM read address=0x9cf (39, 15), data=0x2c ( 44)
Time                56330: BRAM read address=0x9d0 (39, 16), data=0x44 ( 68)
Time                56350: BRAM read address=0x9d1 (39, 17), data=0x31 ( 49)
Time                56370: BRAM read address=0x9d2 (39, 18), data=0x41 ( 65)
Time                56390: BRAM read address=0x9d3 (39, 19), data=0x24 ( 36)
Time                56410: BRAM read address=0x9d4 (39, 20), data=0x4a ( 74)
Time                56430: BRAM read address=0x9d5 (39, 21), data=0x21 ( 33)
Time                56450: BRAM read address=0x9d6 (39, 22), data=0x47 ( 71)
Time                56470: BRAM read address=0x9d7 (39, 23), data=0x26 ( 38)
Time                56490: BRAM read address=0x9d8 (39, 24), data=0x28 ( 40)
Time                56510: BRAM read address=0x9d9 (39, 25), data=0x37 ( 55)
Time                56530: BRAM read address=0x9da (39, 26), data=0x3a ( 58)
Time                56550: BRAM read address=0x9db (39, 27), data=0x48 ( 72)
Time                56570: BRAM read address=0x9dc (39, 28), data=0x2e ( 46)
Time                56590: BRAM read address=0x9dd (39, 29), data=0x4a ( 74)
Time                56610: BRAM read address=0x9de (39, 30), data=0x4a ( 74)
Time                56630: BRAM read address=0x9df (39, 31), data=0x3e ( 62)
Time                56650: BRAM read address=0x9e0 (39, 32), data=0x2c ( 44)
Time                56670: BRAM read address=0x9e1 (39, 33), data=0x42 ( 66)
Time                56690: BRAM read address=0x9e2 (39, 34), data=0x36 ( 54)
Time                56710: BRAM read address=0x9e3 (39, 35), data=0x4d ( 77)
Time                56730: BRAM read address=0x9e4 (39, 36), data=0x33 ( 51)
Time                56750: BRAM read address=0x9e5 (39, 37), data=0x2c ( 44)
Time                56770: BRAM read address=0x9e6 (39, 38), data=0x32 ( 50)
Time                56790: BRAM read address=0x9e7 (39, 39), data=0x22 ( 34)
Time                56810: BRAM read address=0x9e8 (39, 40), data=0x4a ( 74)
Time                56830: BRAM read address=0x9e9 (39, 41), data=0x41 ( 65)
Time                56850: BRAM read address=0x9ea (39, 42), data=0x56 ( 86)
Time                56870: BRAM read address=0x9eb (39, 43), data=0x3a ( 58)
Time                56890: BRAM read address=0x9ec (39, 44), data=0x59 ( 89)
Time                56910: BRAM read address=0x9ed (39, 45), data=0x23 ( 35)
Time                56930: BRAM read address=0x9ee (39, 46), data=0x42 ( 66)
Time                56950: BRAM read address=0x9ef (39, 47), data=0x49 ( 73)
Time                56970: BRAM read address=0x9f0 (39, 48), data=0x1e ( 30)
Time                56990: BRAM read address=0x9f1 (39, 49), data=0x1e ( 30)
Time                57010: BRAM read address=0x9f2 (39, 50), data=0x39 ( 57)
Time                57030: BRAM read address=0x9f3 (39, 51), data=0x29 ( 41)
Time                57050: BRAM read address=0x9f4 (39, 52), data=0x41 ( 65)
Time                57070: BRAM read address=0x9f5 (39, 53), data=0x67 (103)
Time                57090: BRAM read address=0x9f6 (39, 54), data=0x33 ( 51)
Time                57110: BRAM read address=0x9f7 (39, 55), data=0x3e ( 62)
Time                57130: BRAM read address=0x9f8 (39, 56), data=0x61 ( 97)
Time                57150: BRAM read address=0x9f9 (39, 57), data=0x18 ( 24)
Time                57170: BRAM read address=0x9fa (39, 58), data=0x2a ( 42)
Time                57190: BRAM read address=0x9fb (39, 59), data=0x44 ( 68)
Time                57210: BRAM read address=0x9fc (39, 60), data=0x3a ( 58)
Time                57230: BRAM read address=0x9fd (39, 61), data=0x3b ( 59)
Time                57250: BRAM read address=0x9fe (39, 62), data=0x23 ( 35)
Time                57270: BRAM read address=0x9ff (39, 63), data=0x58 ( 88)
Time                57290: BRAM read address=0x000 ( 0,  0), data=0x57 ( 87)
Time                57370: BRAM read address=0xa00 (40,  0), data=0x31 ( 49)
Time                57390: BRAM read address=0xa01 (40,  1), data=0x4a ( 74)
Time                57410: BRAM read address=0xa02 (40,  2), data=0x3c ( 60)
Time                57430: BRAM read address=0xa03 (40,  3), data=0x1b ( 27)
Time                57450: BRAM read address=0xa04 (40,  4), data=0x54 ( 84)
Time                57470: BRAM read address=0xa05 (40,  5), data=0x35 ( 53)
Time                57490: BRAM read address=0xa06 (40,  6), data=0x49 ( 73)
Time                57510: BRAM read address=0xa07 (40,  7), data=0x35 ( 53)
Time                57530: BRAM read address=0xa08 (40,  8), data=0x5e ( 94)
Time                57550: BRAM read address=0xa09 (40,  9), data=0x62 ( 98)
Time                57570: BRAM read address=0xa0a (40, 10), data=0x2e ( 46)
Time                57590: BRAM read address=0xa0b (40, 11), data=0x39 ( 57)
Time                57610: BRAM read address=0xa0c (40, 12), data=0x45 ( 69)
Time                57630: BRAM read address=0xa0d (40, 13), data=0x43 ( 67)
Time                57650: BRAM read address=0xa0e (40, 14), data=0x38 ( 56)
Time                57670: BRAM read address=0xa0f (40, 15), data=0x41 ( 65)
Time                57690: BRAM read address=0xa10 (40, 16), data=0x35 ( 53)
Time                57710: BRAM read address=0xa11 (40, 17), data=0x36 ( 54)
Time                57730: BRAM read address=0xa12 (40, 18), data=0x17 ( 23)
Time                57750: BRAM read address=0xa13 (40, 19), data=0x29 ( 41)
Time                57770: BRAM read address=0xa14 (40, 20), data=0x30 ( 48)
Time                57790: BRAM read address=0xa15 (40, 21), data=0x3f ( 63)
Time                57810: BRAM read address=0xa16 (40, 22), data=0x39 ( 57)
Time                57830: BRAM read address=0xa17 (40, 23), data=0x59 ( 89)
Time                57850: BRAM read address=0xa18 (40, 24), data=0x3b ( 59)
Time                57870: BRAM read address=0xa19 (40, 25), data=0x38 ( 56)
Time                57890: BRAM read address=0xa1a (40, 26), data=0x39 ( 57)
Time                57910: BRAM read address=0xa1b (40, 27), data=0x3a ( 58)
Time                57930: BRAM read address=0xa1c (40, 28), data=0x64 (100)
Time                57950: BRAM read address=0xa1d (40, 29), data=0x49 ( 73)
Time                57970: BRAM read address=0xa1e (40, 30), data=0x2f ( 47)
Time                57990: BRAM read address=0xa1f (40, 31), data=0x3f ( 63)
Time                58010: BRAM read address=0xa20 (40, 32), data=0x37 ( 55)
Time                58030: BRAM read address=0xa21 (40, 33), data=0x54 ( 84)
Time                58050: BRAM read address=0xa22 (40, 34), data=0x5b ( 91)
Time                58070: BRAM read address=0xa23 (40, 35), data=0x4b ( 75)
Time                58090: BRAM read address=0xa24 (40, 36), data=0x62 ( 98)
Time                58110: BRAM read address=0xa25 (40, 37), data=0x4c ( 76)
Time                58130: BRAM read address=0xa26 (40, 38), data=0x2b ( 43)
Time                58150: BRAM read address=0xa27 (40, 39), data=0x3d ( 61)
Time                58170: BRAM read address=0xa28 (40, 40), data=0x27 ( 39)
Time                58190: BRAM read address=0xa29 (40, 41), data=0x46 ( 70)
Time                58210: BRAM read address=0xa2a (40, 42), data=0x61 ( 97)
Time                58230: BRAM read address=0xa2b (40, 43), data=0x3c ( 60)
Time                58250: BRAM read address=0xa2c (40, 44), data=0x55 ( 85)
Time                58270: BRAM read address=0xa2d (40, 45), data=0x3b ( 59)
Time                58290: BRAM read address=0xa2e (40, 46), data=0x59 ( 89)
Time                58310: BRAM read address=0xa2f (40, 47), data=0x38 ( 56)
Time                58330: BRAM read address=0xa30 (40, 48), data=0x41 ( 65)
Time                58350: BRAM read address=0xa31 (40, 49), data=0x20 ( 32)
Time                58370: BRAM read address=0xa32 (40, 50), data=0x37 ( 55)
Time                58390: BRAM read address=0xa33 (40, 51), data=0x4c ( 76)
Time                58410: BRAM read address=0xa34 (40, 52), data=0x45 ( 69)
Time                58430: BRAM read address=0xa35 (40, 53), data=0x3a ( 58)
Time                58450: BRAM read address=0xa36 (40, 54), data=0x27 ( 39)
Time                58470: BRAM read address=0xa37 (40, 55), data=0x60 ( 96)
Time                58490: BRAM read address=0xa38 (40, 56), data=0x3c ( 60)
Time                58510: BRAM read address=0xa39 (40, 57), data=0x3e ( 62)
Time                58530: BRAM read address=0xa3a (40, 58), data=0x43 ( 67)
Time                58550: BRAM read address=0xa3b (40, 59), data=0x3d ( 61)
Time                58570: BRAM read address=0xa3c (40, 60), data=0x6c (108)
Time                58590: BRAM read address=0xa3d (40, 61), data=0x1d ( 29)
Time                58610: BRAM read address=0xa3e (40, 62), data=0x29 ( 41)
Time                58630: BRAM read address=0xa3f (40, 63), data=0x63 ( 99)
Time                58650: BRAM read address=0x000 ( 0,  0), data=0x57 ( 87)
Time                58730: BRAM read address=0xa40 (41,  0), data=0x37 ( 55)
Time                58750: BRAM read address=0xa41 (41,  1), data=0x32 ( 50)
Time                58770: BRAM read address=0xa42 (41,  2), data=0x31 ( 49)
Time                58790: BRAM read address=0xa43 (41,  3), data=0x45 ( 69)
Time                58810: BRAM read address=0xa44 (41,  4), data=0x22 ( 34)
Time                58830: BRAM read address=0xa45 (41,  5), data=0x4d ( 77)
Time                58850: BRAM read address=0xa46 (41,  6), data=0x3f ( 63)
Time                58870: BRAM read address=0xa47 (41,  7), data=0x19 ( 25)
Time                58890: BRAM read address=0xa48 (41,  8), data=0x48 ( 72)
Time                58910: BRAM read address=0xa49 (41,  9), data=0x61 ( 97)
Time                58930: BRAM read address=0xa4a (41, 10), data=0x30 ( 48)
Time                58950: BRAM read address=0xa4b (41, 11), data=0x3d ( 61)
Time                58970: BRAM read address=0xa4c (41, 12), data=0x46 ( 70)
Time                58990: BRAM read address=0xa4d (41, 13), data=0x47 ( 71)
Time                59010: BRAM read address=0xa4e (41, 14), data=0x5c ( 92)
Time                59030: BRAM read address=0xa4f (41, 15), data=0x3c ( 60)
Time                59050: BRAM read address=0xa50 (41, 16), data=0x32 ( 50)
Time                59070: BRAM read address=0xa51 (41, 17), data=0x56 ( 86)
Time                59090: BRAM read address=0xa52 (41, 18), data=0x33 ( 51)
Time                59110: BRAM read address=0xa53 (41, 19), data=0x22 ( 34)
Time                59130: BRAM read address=0xa54 (41, 20), data=0x2f ( 47)
Time                59150: BRAM read address=0xa55 (41, 21), data=0x14 ( 20)
Time                59170: BRAM read address=0xa56 (41, 22), data=0x2a ( 42)
Time                59190: BRAM read address=0xa57 (41, 23), data=0x26 ( 38)
Time                59210: BRAM read address=0xa58 (41, 24), data=0x50 ( 80)
Time                59230: BRAM read address=0xa59 (41, 25), data=0x45 ( 69)
Time                59250: BRAM read address=0xa5a (41, 26), data=0x27 ( 39)
Time                59270: BRAM read address=0xa5b (41, 27), data=0x21 ( 33)
Time                59290: BRAM read address=0xa5c (41, 28), data=0x46 ( 70)
Time                59310: BRAM read address=0xa5d (41, 29), data=0x38 ( 56)
Time                59330: BRAM read address=0xa5e (41, 30), data=0x0b ( 11)
Time                59350: BRAM read address=0xa5f (41, 31), data=0x56 ( 86)
Time                59370: BRAM read address=0xa60 (41, 32), data=0x46 ( 70)
Time                59390: BRAM read address=0xa61 (41, 33), data=0x3a ( 58)
Time                59410: BRAM read address=0xa62 (41, 34), data=0x48 ( 72)
Time                59430: BRAM read address=0xa63 (41, 35), data=0x60 ( 96)
Time                59450: BRAM read address=0xa64 (41, 36), data=0x3a ( 58)
Time                59470: BRAM read address=0xa65 (41, 37), data=0x55 ( 85)
Time                59490: BRAM read address=0xa66 (41, 38), data=0x52 ( 82)
Time                59510: BRAM read address=0xa67 (41, 39), data=0x52 ( 82)
Time                59530: BRAM read address=0xa68 (41, 40), data=0x3c ( 60)
Time                59550: BRAM read address=0xa69 (41, 41), data=0x33 ( 51)
Time                59570: BRAM read address=0xa6a (41, 42), data=0x32 ( 50)
Time                59590: BRAM read address=0xa6b (41, 43), data=0x3c ( 60)
Time                59610: BRAM read address=0xa6c (41, 44), data=0x66 (102)
Time                59630: BRAM read address=0xa6d (41, 45), data=0x49 ( 73)
Time                59650: BRAM read address=0xa6e (41, 46), data=0x4f ( 79)
Time                59670: BRAM read address=0xa6f (41, 47), data=0x24 ( 36)
Time                59690: BRAM read address=0xa70 (41, 48), data=0x51 ( 81)
Time                59710: BRAM read address=0xa71 (41, 49), data=0x65 (101)
Time                59730: BRAM read address=0xa72 (41, 50), data=0x31 ( 49)
Time                59750: BRAM read address=0xa73 (41, 51), data=0x3e ( 62)
Time                59770: BRAM read address=0xa74 (41, 52), data=0x47 ( 71)
Time                59790: BRAM read address=0xa75 (41, 53), data=0x43 ( 67)
Time                59810: BRAM read address=0xa76 (41, 54), data=0x48 ( 72)
Time                59830: BRAM read address=0xa77 (41, 55), data=0x3a ( 58)
Time                59850: BRAM read address=0xa78 (41, 56), data=0x34 ( 52)
Time                59870: BRAM read address=0xa79 (41, 57), data=0x55 ( 85)
Time                59890: BRAM read address=0xa7a (41, 58), data=0x4a ( 74)
Time                59910: BRAM read address=0xa7b (41, 59), data=0x14 ( 20)
Time                59930: BRAM read address=0xa7c (41, 60), data=0x10 ( 16)
Time                59950: BRAM read address=0xa7d (41, 61), data=0x34 ( 52)
Time                59970: BRAM read address=0xa7e (41, 62), data=0x47 ( 71)
Time                59990: BRAM read address=0xa7f (41, 63), data=0x4f ( 79)
Time                60010: BRAM read address=0x000 ( 0,  0), data=0x57 ( 87)
Time                60090: BRAM read address=0xa80 (42,  0), data=0x41 ( 65)
Time                60110: BRAM read address=0xa81 (42,  1), data=0x3f ( 63)
Time                60130: BRAM read address=0xa82 (42,  2), data=0x39 ( 57)
Time                60150: BRAM read address=0xa83 (42,  3), data=0x34 ( 52)
Time                60170: BRAM read address=0xa84 (42,  4), data=0x4a ( 74)
Time                60190: BRAM read address=0xa85 (42,  5), data=0x4c ( 76)
Time                60210: BRAM read address=0xa86 (42,  6), data=0x4b ( 75)
Time                60230: BRAM read address=0xa87 (42,  7), data=0x3a ( 58)
Time                60250: BRAM read address=0xa88 (42,  8), data=0x3d ( 61)
Time                60270: BRAM read address=0xa89 (42,  9), data=0x4f ( 79)
Time                60290: BRAM read address=0xa8a (42, 10), data=0x2a ( 42)
Time                60310: BRAM read address=0xa8b (42, 11), data=0x2c ( 44)
Time                60330: BRAM read address=0xa8c (42, 12), data=0x42 ( 66)
Time                60350: BRAM read address=0xa8d (42, 13), data=0x4e ( 78)
Time                60370: BRAM read address=0xa8e (42, 14), data=0x5e ( 94)
Time                60390: BRAM read address=0xa8f (42, 15), data=0x39 ( 57)
Time                60410: BRAM read address=0xa90 (42, 16), data=0x3d ( 61)
Time                60430: BRAM read address=0xa91 (42, 17), data=0x39 ( 57)
Time                60450: BRAM read address=0xa92 (42, 18), data=0x4f ( 79)
Time                60470: BRAM read address=0xa93 (42, 19), data=0x45 ( 69)
Time                60490: BRAM read address=0xa94 (42, 20), data=0x4b ( 75)
Time                60510: BRAM read address=0xa95 (42, 21), data=0x53 ( 83)
Time                60530: BRAM read address=0xa96 (42, 22), data=0x41 ( 65)
Time                60550: BRAM read address=0xa97 (42, 23), data=0x1e ( 30)
Time                60570: BRAM read address=0xa98 (42, 24), data=0x65 (101)
Time                60590: BRAM read address=0xa99 (42, 25), data=0x3b ( 59)
Time                60610: BRAM read address=0xa9a (42, 26), data=0x24 ( 36)
Time                60630: BRAM read address=0xa9b (42, 27), data=0x42 ( 66)
Time                60650: BRAM read address=0xa9c (42, 28), data=0x41 ( 65)
Time                60670: BRAM read address=0xa9d (42, 29), data=0x37 ( 55)
Time                60690: BRAM read address=0xa9e (42, 30), data=0x52 ( 82)
Time                60710: BRAM read address=0xa9f (42, 31), data=0x12 ( 18)
Time                60730: BRAM read address=0xaa0 (42, 32), data=0x3a ( 58)
Time                60750: BRAM read address=0xaa1 (42, 33), data=0x28 ( 40)
Time                60770: BRAM read address=0xaa2 (42, 34), data=0x55 ( 85)
Time                60790: BRAM read address=0xaa3 (42, 35), data=0x3b ( 59)
Time                60810: BRAM read address=0xaa4 (42, 36), data=0x2f ( 47)
Time                60830: BRAM read address=0xaa5 (42, 37), data=0x3e ( 62)
Time                60850: BRAM read address=0xaa6 (42, 38), data=0x2a ( 42)
Time                60870: BRAM read address=0xaa7 (42, 39), data=0x14 ( 20)
Time                60890: BRAM read address=0xaa8 (42, 40), data=0x4a ( 74)
Time                60910: BRAM read address=0xaa9 (42, 41), data=0x5a ( 90)
Time                60930: BRAM read address=0xaaa (42, 42), data=0x46 ( 70)
Time                60950: BRAM read address=0xaab (42, 43), data=0x36 ( 54)
Time                60970: BRAM read address=0xaac (42, 44), data=0x49 ( 73)
Time                60990: BRAM read address=0xaad (42, 45), data=0x41 ( 65)
Time                61010: BRAM read address=0xaae (42, 46), data=0x38 ( 56)
Time                61030: BRAM read address=0xaaf (42, 47), data=0x1e ( 30)
Time                61050: BRAM read address=0xab0 (42, 48), data=0x44 ( 68)
Time                61070: BRAM read address=0xab1 (42, 49), data=0x44 ( 68)
Time                61090: BRAM read address=0xab2 (42, 50), data=0x59 ( 89)
Time                61110: BRAM read address=0xab3 (42, 51), data=0x46 ( 70)
Time                61130: BRAM read address=0xab4 (42, 52), data=0x40 ( 64)
Time                61150: BRAM read address=0xab5 (42, 53), data=0x67 (103)
Time                61170: BRAM read address=0xab6 (42, 54), data=0x6b (107)
Time                61190: BRAM read address=0xab7 (42, 55), data=0x29 ( 41)
Time                61210: BRAM read address=0xab8 (42, 56), data=0x40 ( 64)
Time                61230: BRAM read address=0xab9 (42, 57), data=0x54 ( 84)
Time                61250: BRAM read address=0xaba (42, 58), data=0x2d ( 45)
Time                61270: BRAM read address=0xabb (42, 59), data=0x38 ( 56)
Time                61290: BRAM read address=0xabc (42, 60), data=0x27 ( 39)
Time                61310: BRAM read address=0xabd (42, 61), data=0x3e ( 62)
Time                61330: BRAM read address=0xabe (42, 62), data=0x5a ( 90)
Time                61350: BRAM read address=0xabf (42, 63), data=0x37 ( 55)
Time                61370: BRAM read address=0x000 ( 0,  0), data=0x57 ( 87)
Time                61450: BRAM read address=0xac0 (43,  0), data=0x50 ( 80)
Time                61470: BRAM read address=0xac1 (43,  1), data=0x5f ( 95)
Time                61490: BRAM read address=0xac2 (43,  2), data=0x22 ( 34)
Time                61510: BRAM read address=0xac3 (43,  3), data=0x3d ( 61)
Time                61530: BRAM read address=0xac4 (43,  4), data=0x36 ( 54)
Time                61550: BRAM read address=0xac5 (43,  5), data=0x62 ( 98)
Time                61570: BRAM read address=0xac6 (43,  6), data=0x57 ( 87)
Time                61590: BRAM read address=0xac7 (43,  7), data=0x47 ( 71)
Time                61610: BRAM read address=0xac8 (43,  8), data=0x4d ( 77)
Time                61630: BRAM read address=0xac9 (43,  9), data=0x4e ( 78)
Time                61650: BRAM read address=0xaca (43, 10), data=0x4c ( 76)
Time                61670: BRAM read address=0xacb (43, 11), data=0x29 ( 41)
Time                61690: BRAM read address=0xacc (43, 12), data=0x51 ( 81)
Time                61710: BRAM read address=0xacd (43, 13), data=0x35 ( 53)
Time                61730: BRAM read address=0xace (43, 14), data=0x62 ( 98)
Time                61750: BRAM read address=0xacf (43, 15), data=0x1e ( 30)
Time                61770: BRAM read address=0xad0 (43, 16), data=0x2f ( 47)
Time                61790: BRAM read address=0xad1 (43, 17), data=0x20 ( 32)
Time                61810: BRAM read address=0xad2 (43, 18), data=0x48 ( 72)
Time                61830: BRAM read address=0xad3 (43, 19), data=0x6c (108)
Time                61850: BRAM read address=0xad4 (43, 20), data=0x3f ( 63)
Time                61870: BRAM read address=0xad5 (43, 21), data=0x34 ( 52)
Time                61890: BRAM read address=0xad6 (43, 22), data=0x43 ( 67)
Time                61910: BRAM read address=0xad7 (43, 23), data=0x5a ( 90)
Time                61930: BRAM read address=0xad8 (43, 24), data=0x1b ( 27)
Time                61950: BRAM read address=0xad9 (43, 25), data=0x2a ( 42)
Time                61970: BRAM read address=0xada (43, 26), data=0x39 ( 57)
Time                61990: BRAM read address=0xadb (43, 27), data=0x40 ( 64)
Time                62010: BRAM read address=0xadc (43, 28), data=0x1f ( 31)
Time                62030: BRAM read address=0xadd (43, 29), data=0x52 ( 82)
Time                62050: BRAM read address=0xade (43, 30), data=0x42 ( 66)
Time                62070: BRAM read address=0xadf (43, 31), data=0x46 ( 70)
Time                62090: BRAM read address=0xae0 (43, 32), data=0x42 ( 66)
Time                62110: BRAM read address=0xae1 (43, 33), data=0x17 ( 23)
Time                62130: BRAM read address=0xae2 (43, 34), data=0x24 ( 36)
Time                62150: BRAM read address=0xae3 (43, 35), data=0x54 ( 84)
Time                62170: BRAM read address=0xae4 (43, 36), data=0x41 ( 65)
Time                62190: BRAM read address=0xae5 (43, 37), data=0x3a ( 58)
Time                62210: BRAM read address=0xae6 (43, 38), data=0x7e (126)
Time                62230: BRAM read address=0xae7 (43, 39), data=0x43 ( 67)
Time                62250: BRAM read address=0xae8 (43, 40), data=0x34 ( 52)
Time                62270: BRAM read address=0xae9 (43, 41), data=0x30 ( 48)
Time                62290: BRAM read address=0xaea (43, 42), data=0x3a ( 58)
Time                62310: BRAM read address=0xaeb (43, 43), data=0x41 ( 65)
Time                62330: BRAM read address=0xaec (43, 44), data=0x46 ( 70)
Time                62350: BRAM read address=0xaed (43, 45), data=0x46 ( 70)
Time                62370: BRAM read address=0xaee (43, 46), data=0x3f ( 63)
Time                62390: BRAM read address=0xaef (43, 47), data=0x4f ( 79)
Time                62410: BRAM read address=0xaf0 (43, 48), data=0x4e ( 78)
Time                62430: BRAM read address=0xaf1 (43, 49), data=0x5b ( 91)
Time                62450: BRAM read address=0xaf2 (43, 50), data=0x46 ( 70)
Time                62470: BRAM read address=0xaf3 (43, 51), data=0x29 ( 41)
Time                62490: BRAM read address=0xaf4 (43, 52), data=0x24 ( 36)
Time                62510: BRAM read address=0xaf5 (43, 53), data=0x30 ( 48)
Time                62530: BRAM read address=0xaf6 (43, 54), data=0x57 ( 87)
Time                62550: BRAM read address=0xaf7 (43, 55), data=0x29 ( 41)
Time                62570: BRAM read address=0xaf8 (43, 56), data=0x2d ( 45)
Time                62590: BRAM read address=0xaf9 (43, 57), data=0x2e ( 46)
Time                62610: BRAM read address=0xafa (43, 58), data=0x57 ( 87)
Time                62630: BRAM read address=0xafb (43, 59), data=0x1e ( 30)
Time                62650: BRAM read address=0xafc (43, 60), data=0x59 ( 89)
Time                62670: BRAM read address=0xafd (43, 61), data=0x51 ( 81)
Time                62690: BRAM read address=0xafe (43, 62), data=0x58 ( 88)
Time                62710: BRAM read address=0xaff (43, 63), data=0x38 ( 56)
Time                62730: BRAM read address=0x000 ( 0,  0), data=0x57 ( 87)
Time                62810: BRAM read address=0xb00 (44,  0), data=0x22 ( 34)
Time                62830: BRAM read address=0xb01 (44,  1), data=0x41 ( 65)
Time                62850: BRAM read address=0xb02 (44,  2), data=0x39 ( 57)
Time                62870: BRAM read address=0xb03 (44,  3), data=0x40 ( 64)
Time                62890: BRAM read address=0xb04 (44,  4), data=0x39 ( 57)
Time                62910: BRAM read address=0xb05 (44,  5), data=0x49 ( 73)
Time                62930: BRAM read address=0xb06 (44,  6), data=0x14 ( 20)
Time                62950: BRAM read address=0xb07 (44,  7), data=0x39 ( 57)
Time                62970: BRAM read address=0xb08 (44,  8), data=0x47 ( 71)
Time                62990: BRAM read address=0xb09 (44,  9), data=0x39 ( 57)
Time                63010: BRAM read address=0xb0a (44, 10), data=0x60 ( 96)
Time                63030: BRAM read address=0xb0b (44, 11), data=0x34 ( 52)
Time                63050: BRAM read address=0xb0c (44, 12), data=0x49 ( 73)
Time                63070: BRAM read address=0xb0d (44, 13), data=0x32 ( 50)
Time                63090: BRAM read address=0xb0e (44, 14), data=0x3c ( 60)
Time                63110: BRAM read address=0xb0f (44, 15), data=0x55 ( 85)
Time                63130: BRAM read address=0xb10 (44, 16), data=0x6a (106)
Time                63150: BRAM read address=0xb11 (44, 17), data=0x4b ( 75)
Time                63170: BRAM read address=0xb12 (44, 18), data=0x3c ( 60)
Time                63190: BRAM read address=0xb13 (44, 19), data=0x13 ( 19)
Time                63210: BRAM read address=0xb14 (44, 20), data=0x37 ( 55)
Time                63230: BRAM read address=0xb15 (44, 21), data=0x4b ( 75)
Time                63250: BRAM read address=0xb16 (44, 22), data=0x3f ( 63)
Time                63270: BRAM read address=0xb17 (44, 23), data=0x4b ( 75)
Time                63290: BRAM read address=0xb18 (44, 24), data=0x50 ( 80)
Time                63310: BRAM read address=0xb19 (44, 25), data=0x0a ( 10)
Time                63330: BRAM read address=0xb1a (44, 26), data=0x5e ( 94)
Time                63350: BRAM read address=0xb1b (44, 27), data=0x45 ( 69)
Time                63370: BRAM read address=0xb1c (44, 28), data=0x57 ( 87)
Time                63390: BRAM read address=0xb1d (44, 29), data=0x54 ( 84)
Time                63410: BRAM read address=0xb1e (44, 30), data=0x58 ( 88)
Time                63430: BRAM read address=0xb1f (44, 31), data=0x42 ( 66)
Time                63450: BRAM read address=0xb20 (44, 32), data=0x3a ( 58)
Time                63470: BRAM read address=0xb21 (44, 33), data=0x3e ( 62)
Time                63490: BRAM read address=0xb22 (44, 34), data=0x34 ( 52)
Time                63510: BRAM read address=0xb23 (44, 35), data=0x37 ( 55)
Time                63530: BRAM read address=0xb24 (44, 36), data=0x1b ( 27)
Time                63550: BRAM read address=0xb25 (44, 37), data=0x37 ( 55)
Time                63570: BRAM read address=0xb26 (44, 38), data=0x1e ( 30)
Time                63590: BRAM read address=0xb27 (44, 39), data=0x30 ( 48)
Time                63610: BRAM read address=0xb28 (44, 40), data=0x3d ( 61)
Time                63630: BRAM read address=0xb29 (44, 41), data=0x3a ( 58)
Time                63650: BRAM read address=0xb2a (44, 42), data=0x58 ( 88)
Time                63670: BRAM read address=0xb2b (44, 43), data=0x59 ( 89)
Time                63690: BRAM read address=0xb2c (44, 44), data=0x18 ( 24)
Time                63710: BRAM read address=0xb2d (44, 45), data=0x2a ( 42)
Time                63730: BRAM read address=0xb2e (44, 46), data=0x42 ( 66)
Time                63750: BRAM read address=0xb2f (44, 47), data=0x52 ( 82)
Time                63770: BRAM read address=0xb30 (44, 48), data=0x54 ( 84)
Time                63790: BRAM read address=0xb31 (44, 49), data=0x2c ( 44)
Time                63810: BRAM read address=0xb32 (44, 50), data=0x2d ( 45)
Time                63830: BRAM read address=0xb33 (44, 51), data=0x1c ( 28)
Time                63850: BRAM read address=0xb34 (44, 52), data=0x48 ( 72)
Time                63870: BRAM read address=0xb35 (44, 53), data=0x2c ( 44)
Time                63890: BRAM read address=0xb36 (44, 54), data=0x42 ( 66)
Time                63910: BRAM read address=0xb37 (44, 55), data=0x3c ( 60)
Time                63930: BRAM read address=0xb38 (44, 56), data=0x48 ( 72)
Time                63950: BRAM read address=0xb39 (44, 57), data=0x21 ( 33)
Time                63970: BRAM read address=0xb3a (44, 58), data=0x3a ( 58)
Time                63990: BRAM read address=0xb3b (44, 59), data=0x42 ( 66)
Time                64010: BRAM read address=0xb3c (44, 60), data=0x27 ( 39)
Time                64030: BRAM read address=0xb3d (44, 61), data=0x4d ( 77)
Time                64050: BRAM read address=0xb3e (44, 62), data=0x2c ( 44)
Time                64070: BRAM read address=0xb3f (44, 63), data=0x4f ( 79)
Time                64090: BRAM read address=0x000 ( 0,  0), data=0x57 ( 87)
Time                64170: BRAM read address=0xb40 (45,  0), data=0x50 ( 80)
Time                64190: BRAM read address=0xb41 (45,  1), data=0x32 ( 50)
Time                64210: BRAM read address=0xb42 (45,  2), data=0x1e ( 30)
Time                64230: BRAM read address=0xb43 (45,  3), data=0x41 ( 65)
Time                64250: BRAM read address=0xb44 (45,  4), data=0x4e ( 78)
Time                64270: BRAM read address=0xb45 (45,  5), data=0x30 ( 48)
Time                64290: BRAM read address=0xb46 (45,  6), data=0x18 ( 24)
Time                64310: BRAM read address=0xb47 (45,  7), data=0x52 ( 82)
Time                64330: BRAM read address=0xb48 (45,  8), data=0x35 ( 53)
Time                64350: BRAM read address=0xb49 (45,  9), data=0x40 ( 64)
Time                64370: BRAM read address=0xb4a (45, 10), data=0x4a ( 74)
Time                64390: BRAM read address=0xb4b (45, 11), data=0x45 ( 69)
Time                64410: BRAM read address=0xb4c (45, 12), data=0x47 ( 71)
Time                64430: BRAM read address=0xb4d (45, 13), data=0x3a ( 58)
Time                64450: BRAM read address=0xb4e (45, 14), data=0x44 ( 68)
Time                64470: BRAM read address=0xb4f (45, 15), data=0x3f ( 63)
Time                64490: BRAM read address=0xb50 (45, 16), data=0x46 ( 70)
Time                64510: BRAM read address=0xb51 (45, 17), data=0x37 ( 55)
Time                64530: BRAM read address=0xb52 (45, 18), data=0x3f ( 63)
Time                64550: BRAM read address=0xb53 (45, 19), data=0x5c ( 92)
Time                64570: BRAM read address=0xb54 (45, 20), data=0x55 ( 85)
Time                64590: BRAM read address=0xb55 (45, 21), data=0x42 ( 66)
Time                64610: BRAM read address=0xb56 (45, 22), data=0x32 ( 50)
Time                64630: BRAM read address=0xb57 (45, 23), data=0x3f ( 63)
Time                64650: BRAM read address=0xb58 (45, 24), data=0x40 ( 64)
Time                64670: BRAM read address=0xb59 (45, 25), data=0x58 ( 88)
Time                64690: BRAM read address=0xb5a (45, 26), data=0x38 ( 56)
Time                64710: BRAM read address=0xb5b (45, 27), data=0x47 ( 71)
Time                64730: BRAM read address=0xb5c (45, 28), data=0x49 ( 73)
Time                64750: BRAM read address=0xb5d (45, 29), data=0x46 ( 70)
Time                64770: BRAM read address=0xb5e (45, 30), data=0x45 ( 69)
Time                64790: BRAM read address=0xb5f (45, 31), data=0x00 (  0)
Time                64810: BRAM read address=0xb60 (45, 32), data=0x5a ( 90)
Time                64830: BRAM read address=0xb61 (45, 33), data=0x32 ( 50)
Time                64850: BRAM read address=0xb62 (45, 34), data=0x2b ( 43)
Time                64870: BRAM read address=0xb63 (45, 35), data=0x5f ( 95)
Time                64890: BRAM read address=0xb64 (45, 36), data=0x54 ( 84)
Time                64910: BRAM read address=0xb65 (45, 37), data=0x6d (109)
Time                64930: BRAM read address=0xb66 (45, 38), data=0x43 ( 67)
Time                64950: BRAM read address=0xb67 (45, 39), data=0x1b ( 27)
Time                64970: BRAM read address=0xb68 (45, 40), data=0x31 ( 49)
Time                64990: BRAM read address=0xb69 (45, 41), data=0x2b ( 43)
Time                65010: BRAM read address=0xb6a (45, 42), data=0x6f (111)
Time                65030: BRAM read address=0xb6b (45, 43), data=0x11 ( 17)
Time                65050: BRAM read address=0xb6c (45, 44), data=0x5d ( 93)
Time                65070: BRAM read address=0xb6d (45, 45), data=0x49 ( 73)
Time                65090: BRAM read address=0xb6e (45, 46), data=0x27 ( 39)
Time                65110: BRAM read address=0xb6f (45, 47), data=0x2b ( 43)
Time                65130: BRAM read address=0xb70 (45, 48), data=0x46 ( 70)
Time                65150: BRAM read address=0xb71 (45, 49), data=0x3d ( 61)
Time                65170: BRAM read address=0xb72 (45, 50), data=0x4f ( 79)
Time                65190: BRAM read address=0xb73 (45, 51), data=0x26 ( 38)
Time                65210: BRAM read address=0xb74 (45, 52), data=0x51 ( 81)
Time                65230: BRAM read address=0xb75 (45, 53), data=0x49 ( 73)
Time                65250: BRAM read address=0xb76 (45, 54), data=0x4d ( 77)
Time                65270: BRAM read address=0xb77 (45, 55), data=0x64 (100)
Time                65290: BRAM read address=0xb78 (45, 56), data=0x56 ( 86)
Time                65310: BRAM read address=0xb79 (45, 57), data=0x2f ( 47)
Time                65330: BRAM read address=0xb7a (45, 58), data=0x37 ( 55)
Time                65350: BRAM read address=0xb7b (45, 59), data=0x32 ( 50)
Time                65370: BRAM read address=0xb7c (45, 60), data=0x5a ( 90)
Time                65390: BRAM read address=0xb7d (45, 61), data=0x4d ( 77)
Time                65410: BRAM read address=0xb7e (45, 62), data=0x5e ( 94)
Time                65430: BRAM read address=0xb7f (45, 63), data=0x4f ( 79)
Time                65450: BRAM read address=0x000 ( 0,  0), data=0x57 ( 87)
Time                65530: BRAM read address=0xb80 (46,  0), data=0x2b ( 43)
Time                65550: BRAM read address=0xb81 (46,  1), data=0x2a ( 42)
Time                65570: BRAM read address=0xb82 (46,  2), data=0x2f ( 47)
Time                65590: BRAM read address=0xb83 (46,  3), data=0x57 ( 87)
Time                65610: BRAM read address=0xb84 (46,  4), data=0x3d ( 61)
Time                65630: BRAM read address=0xb85 (46,  5), data=0x3c ( 60)
Time                65650: BRAM read address=0xb86 (46,  6), data=0x5d ( 93)
Time                65670: BRAM read address=0xb87 (46,  7), data=0x4d ( 77)
Time                65690: BRAM read address=0xb88 (46,  8), data=0x4e ( 78)
Time                65710: BRAM read address=0xb89 (46,  9), data=0x3e ( 62)
Time                65730: BRAM read address=0xb8a (46, 10), data=0x2e ( 46)
Time                65750: BRAM read address=0xb8b (46, 11), data=0x43 ( 67)
Time                65770: BRAM read address=0xb8c (46, 12), data=0x51 ( 81)
Time                65790: BRAM read address=0xb8d (46, 13), data=0x46 ( 70)
Time                65810: BRAM read address=0xb8e (46, 14), data=0x3c ( 60)
Time                65830: BRAM read address=0xb8f (46, 15), data=0x5a ( 90)
Time                65850: BRAM read address=0xb90 (46, 16), data=0x59 ( 89)
Time                65870: BRAM read address=0xb91 (46, 17), data=0x49 ( 73)
Time                65890: BRAM read address=0xb92 (46, 18), data=0x4c ( 76)
Time                65910: BRAM read address=0xb93 (46, 19), data=0x74 (116)
Time                65930: BRAM read address=0xb94 (46, 20), data=0x3d ( 61)
Time                65950: BRAM read address=0xb95 (46, 21), data=0x3d ( 61)
Time                65970: BRAM read address=0xb96 (46, 22), data=0x6c (108)
Time                65990: BRAM read address=0xb97 (46, 23), data=0x49 ( 73)
Time                66010: BRAM read address=0xb98 (46, 24), data=0x24 ( 36)
Time                66030: BRAM read address=0xb99 (46, 25), data=0x3f ( 63)
Time                66050: BRAM read address=0xb9a (46, 26), data=0x52 ( 82)
Time                66070: BRAM read address=0xb9b (46, 27), data=0x44 ( 68)
Time                66090: BRAM read address=0xb9c (46, 28), data=0x4f ( 79)
Time                66110: BRAM read address=0xb9d (46, 29), data=0x48 ( 72)
Time                66130: BRAM read address=0xb9e (46, 30), data=0x4f ( 79)
Time                66150: BRAM read address=0xb9f (46, 31), data=0x3c ( 60)
Time                66170: BRAM read address=0xba0 (46, 32), data=0x4d ( 77)
Time                66190: BRAM read address=0xba1 (46, 33), data=0x59 ( 89)
Time                66210: BRAM read address=0xba2 (46, 34), data=0x20 ( 32)
Time                66230: BRAM read address=0xba3 (46, 35), data=0x36 ( 54)
Time                66250: BRAM read address=0xba4 (46, 36), data=0x4b ( 75)
Time                66270: BRAM read address=0xba5 (46, 37), data=0x33 ( 51)
Time                66290: BRAM read address=0xba6 (46, 38), data=0x35 ( 53)
Time                66310: BRAM read address=0xba7 (46, 39), data=0x37 ( 55)
Time                66330: BRAM read address=0xba8 (46, 40), data=0x1b ( 27)
Time                66350: BRAM read address=0xba9 (46, 41), data=0x5b ( 91)
Time                66370: BRAM read address=0xbaa (46, 42), data=0x5c ( 92)
Time                66390: BRAM read address=0xbab (46, 43), data=0x3d ( 61)
Time                66410: BRAM read address=0xbac (46, 44), data=0x50 ( 80)
Time                66430: BRAM read address=0xbad (46, 45), data=0x48 ( 72)
Time                66450: BRAM read address=0xbae (46, 46), data=0x48 ( 72)
Time                66470: BRAM read address=0xbaf (46, 47), data=0x41 ( 65)
Time                66490: BRAM read address=0xbb0 (46, 48), data=0x48 ( 72)
Time                66510: BRAM read address=0xbb1 (46, 49), data=0x3e ( 62)
Time                66530: BRAM read address=0xbb2 (46, 50), data=0x43 ( 67)
Time                66550: BRAM read address=0xbb3 (46, 51), data=0x57 ( 87)
Time                66570: BRAM read address=0xbb4 (46, 52), data=0x5b ( 91)
Time                66590: BRAM read address=0xbb5 (46, 53), data=0x15 ( 21)
Time                66610: BRAM read address=0xbb6 (46, 54), data=0x36 ( 54)
Time                66630: BRAM read address=0xbb7 (46, 55), data=0x5e ( 94)
Time                66650: BRAM read address=0xbb8 (46, 56), data=0x3d ( 61)
Time                66670: BRAM read address=0xbb9 (46, 57), data=0x33 ( 51)
Time                66690: BRAM read address=0xbba (46, 58), data=0x44 ( 68)
Time                66710: BRAM read address=0xbbb (46, 59), data=0x4b ( 75)
Time                66730: BRAM read address=0xbbc (46, 60), data=0x43 ( 67)
Time                66750: BRAM read address=0xbbd (46, 61), data=0x3b ( 59)
Time                66770: BRAM read address=0xbbe (46, 62), data=0x37 ( 55)
Time                66790: BRAM read address=0xbbf (46, 63), data=0x2d ( 45)
Time                66810: BRAM read address=0x000 ( 0,  0), data=0x57 ( 87)
Time                66890: BRAM read address=0xbc0 (47,  0), data=0x3c ( 60)
Time                66910: BRAM read address=0xbc1 (47,  1), data=0x3d ( 61)
Time                66930: BRAM read address=0xbc2 (47,  2), data=0x42 ( 66)
Time                66950: BRAM read address=0xbc3 (47,  3), data=0x39 ( 57)
Time                66970: BRAM read address=0xbc4 (47,  4), data=0x46 ( 70)
Time                66990: BRAM read address=0xbc5 (47,  5), data=0x38 ( 56)
Time                67010: BRAM read address=0xbc6 (47,  6), data=0x34 ( 52)
Time                67030: BRAM read address=0xbc7 (47,  7), data=0x3b ( 59)
Time                67050: BRAM read address=0xbc8 (47,  8), data=0x54 ( 84)
Time                67070: BRAM read address=0xbc9 (47,  9), data=0x22 ( 34)
Time                67090: BRAM read address=0xbca (47, 10), data=0x4f ( 79)
Time                67110: BRAM read address=0xbcb (47, 11), data=0x29 ( 41)
Time                67130: BRAM read address=0xbcc (47, 12), data=0x1b ( 27)
Time                67150: BRAM read address=0xbcd (47, 13), data=0x34 ( 52)
Time                67170: BRAM read address=0xbce (47, 14), data=0x38 ( 56)
Time                67190: BRAM read address=0xbcf (47, 15), data=0x5e ( 94)
Time                67210: BRAM read address=0xbd0 (47, 16), data=0x5d ( 93)
Time                67230: BRAM read address=0xbd1 (47, 17), data=0x48 ( 72)
Time                67250: BRAM read address=0xbd2 (47, 18), data=0x4c ( 76)
Time                67270: BRAM read address=0xbd3 (47, 19), data=0x2f ( 47)
Time                67290: BRAM read address=0xbd4 (47, 20), data=0x54 ( 84)
Time                67310: BRAM read address=0xbd5 (47, 21), data=0x2c ( 44)
Time                67330: BRAM read address=0xbd6 (47, 22), data=0x3c ( 60)
Time                67350: BRAM read address=0xbd7 (47, 23), data=0x55 ( 85)
Time                67370: BRAM read address=0xbd8 (47, 24), data=0x36 ( 54)
Time                67390: BRAM read address=0xbd9 (47, 25), data=0x1f ( 31)
Time                67410: BRAM read address=0xbda (47, 26), data=0x37 ( 55)
Time                67430: BRAM read address=0xbdb (47, 27), data=0x6f (111)
Time                67450: BRAM read address=0xbdc (47, 28), data=0x43 ( 67)
Time                67470: BRAM read address=0xbdd (47, 29), data=0x49 ( 73)
Time                67490: BRAM read address=0xbde (47, 30), data=0x48 ( 72)
Time                67510: BRAM read address=0xbdf (47, 31), data=0x48 ( 72)
Time                67530: BRAM read address=0xbe0 (47, 32), data=0x49 ( 73)
Time                67550: BRAM read address=0xbe1 (47, 33), data=0x2d ( 45)
Time                67570: BRAM read address=0xbe2 (47, 34), data=0x1a ( 26)
Time                67590: BRAM read address=0xbe3 (47, 35), data=0x45 ( 69)
Time                67610: BRAM read address=0xbe4 (47, 36), data=0x49 ( 73)
Time                67630: BRAM read address=0xbe5 (47, 37), data=0x3a ( 58)
Time                67650: BRAM read address=0xbe6 (47, 38), data=0x65 (101)
Time                67670: BRAM read address=0xbe7 (47, 39), data=0x3a ( 58)
Time                67690: BRAM read address=0xbe8 (47, 40), data=0x36 ( 54)
Time                67710: BRAM read address=0xbe9 (47, 41), data=0x3f ( 63)
Time                67730: BRAM read address=0xbea (47, 42), data=0x2a ( 42)
Time                67750: BRAM read address=0xbeb (47, 43), data=0x19 ( 25)
Time                67770: BRAM read address=0xbec (47, 44), data=0x5d ( 93)
Time                67790: BRAM read address=0xbed (47, 45), data=0x35 ( 53)
Time                67810: BRAM read address=0xbee (47, 46), data=0x3c ( 60)
Time                67830: BRAM read address=0xbef (47, 47), data=0x07 (  7)
Time                67850: BRAM read address=0xbf0 (47, 48), data=0x4f ( 79)
Time                67870: BRAM read address=0xbf1 (47, 49), data=0x26 ( 38)
Time                67890: BRAM read address=0xbf2 (47, 50), data=0x30 ( 48)
Time                67910: BRAM read address=0xbf3 (47, 51), data=0x51 ( 81)
Time                67930: BRAM read address=0xbf4 (47, 52), data=0x43 ( 67)
Time                67950: BRAM read address=0xbf5 (47, 53), data=0x47 ( 71)
Time                67970: BRAM read address=0xbf6 (47, 54), data=0x31 ( 49)
Time                67990: BRAM read address=0xbf7 (47, 55), data=0x4d ( 77)
Time                68010: BRAM read address=0xbf8 (47, 56), data=0x47 ( 71)
Time                68030: BRAM read address=0xbf9 (47, 57), data=0x24 ( 36)
Time                68050: BRAM read address=0xbfa (47, 58), data=0x40 ( 64)
Time                68070: BRAM read address=0xbfb (47, 59), data=0x23 ( 35)
Time                68090: BRAM read address=0xbfc (47, 60), data=0x53 ( 83)
Time                68110: BRAM read address=0xbfd (47, 61), data=0x4d ( 77)
Time                68130: BRAM read address=0xbfe (47, 62), data=0x35 ( 53)
Time                68150: BRAM read address=0xbff (47, 63), data=0x26 ( 38)
Time                68170: BRAM read address=0x000 ( 0,  0), data=0x57 ( 87)
Time                68250: BRAM read address=0xc00 (48,  0), data=0x1c ( 28)
Time                68270: BRAM read address=0xc01 (48,  1), data=0x56 ( 86)
Time                68290: BRAM read address=0xc02 (48,  2), data=0x27 ( 39)
Time                68310: BRAM read address=0xc03 (48,  3), data=0x1d ( 29)
Time                68330: BRAM read address=0xc04 (48,  4), data=0x33 ( 51)
Time                68350: BRAM read address=0xc05 (48,  5), data=0x0e ( 14)
Time                68370: BRAM read address=0xc06 (48,  6), data=0x3d ( 61)
Time                68390: BRAM read address=0xc07 (48,  7), data=0x45 ( 69)
Time                68410: BRAM read address=0xc08 (48,  8), data=0x76 (118)
Time                68430: BRAM read address=0xc09 (48,  9), data=0x5b ( 91)
Time                68450: BRAM read address=0xc0a (48, 10), data=0x33 ( 51)
Time                68470: BRAM read address=0xc0b (48, 11), data=0x59 ( 89)
Time                68490: BRAM read address=0xc0c (48, 12), data=0x19 ( 25)
Time                68510: BRAM read address=0xc0d (48, 13), data=0x26 ( 38)
Time                68530: BRAM read address=0xc0e (48, 14), data=0x54 ( 84)
Time                68550: BRAM read address=0xc0f (48, 15), data=0x5b ( 91)
Time                68570: BRAM read address=0xc10 (48, 16), data=0x57 ( 87)
Time                68590: BRAM read address=0xc11 (48, 17), data=0x48 ( 72)
Time                68610: BRAM read address=0xc12 (48, 18), data=0x42 ( 66)
Time                68630: BRAM read address=0xc13 (48, 19), data=0x44 ( 68)
Time                68650: BRAM read address=0xc14 (48, 20), data=0x42 ( 66)
Time                68670: BRAM read address=0xc15 (48, 21), data=0x1f ( 31)
Time                68690: BRAM read address=0xc16 (48, 22), data=0x49 ( 73)
Time                68710: BRAM read address=0xc17 (48, 23), data=0x51 ( 81)
Time                68730: BRAM read address=0xc18 (48, 24), data=0x4b ( 75)
Time                68750: BRAM read address=0xc19 (48, 25), data=0x5d ( 93)
Time                68770: BRAM read address=0xc1a (48, 26), data=0x3a ( 58)
Time                68790: BRAM read address=0xc1b (48, 27), data=0x30 ( 48)
Time                68810: BRAM read address=0xc1c (48, 28), data=0x5d ( 93)
Time                68830: BRAM read address=0xc1d (48, 29), data=0x3b ( 59)
Time                68850: BRAM read address=0xc1e (48, 30), data=0x0d ( 13)
Time                68870: BRAM read address=0xc1f (48, 31), data=0x4b ( 75)
Time                68890: BRAM read address=0xc20 (48, 32), data=0x48 ( 72)
Time                68910: BRAM read address=0xc21 (48, 33), data=0x38 ( 56)
Time                68930: BRAM read address=0xc22 (48, 34), data=0x4f ( 79)
Time                68950: BRAM read address=0xc23 (48, 35), data=0x5e ( 94)
Time                68970: BRAM read address=0xc24 (48, 36), data=0x40 ( 64)
Time                68990: BRAM read address=0xc25 (48, 37), data=0x47 ( 71)
Time                69010: BRAM read address=0xc26 (48, 38), data=0x46 ( 70)
Time                69030: BRAM read address=0xc27 (48, 39), data=0x77 (119)
Time                69050: BRAM read address=0xc28 (48, 40), data=0x22 ( 34)
Time                69070: BRAM read address=0xc29 (48, 41), data=0x20 ( 32)
Time                69090: BRAM read address=0xc2a (48, 42), data=0x38 ( 56)
Time                69110: BRAM read address=0xc2b (48, 43), data=0x20 ( 32)
Time                69130: BRAM read address=0xc2c (48, 44), data=0x5d ( 93)
Time                69150: BRAM read address=0xc2d (48, 45), data=0x67 (103)
Time                69170: BRAM read address=0xc2e (48, 46), data=0x37 ( 55)
Time                69190: BRAM read address=0xc2f (48, 47), data=0x30 ( 48)
Time                69210: BRAM read address=0xc30 (48, 48), data=0x21 ( 33)
Time                69230: BRAM read address=0xc31 (48, 49), data=0x25 ( 37)
Time                69250: BRAM read address=0xc32 (48, 50), data=0x58 ( 88)
Time                69270: BRAM read address=0xc33 (48, 51), data=0x37 ( 55)
Time                69290: BRAM read address=0xc34 (48, 52), data=0x55 ( 85)
Time                69310: BRAM read address=0xc35 (48, 53), data=0x37 ( 55)
Time                69330: BRAM read address=0xc36 (48, 54), data=0x2b ( 43)
Time                69350: BRAM read address=0xc37 (48, 55), data=0x30 ( 48)
Time                69370: BRAM read address=0xc38 (48, 56), data=0x1f ( 31)
Time                69390: BRAM read address=0xc39 (48, 57), data=0x1b ( 27)
Time                69410: BRAM read address=0xc3a (48, 58), data=0x33 ( 51)
Time                69430: BRAM read address=0xc3b (48, 59), data=0x37 ( 55)
Time                69450: BRAM read address=0xc3c (48, 60), data=0x42 ( 66)
Time                69470: BRAM read address=0xc3d (48, 61), data=0x39 ( 57)
Time                69490: BRAM read address=0xc3e (48, 62), data=0x4e ( 78)
Time                69510: BRAM read address=0xc3f (48, 63), data=0x5d ( 93)
Time                69530: BRAM read address=0x000 ( 0,  0), data=0x57 ( 87)
Time                69610: BRAM read address=0xc40 (49,  0), data=0x26 ( 38)
Time                69630: BRAM read address=0xc41 (49,  1), data=0x16 ( 22)
Time                69650: BRAM read address=0xc42 (49,  2), data=0x8c (140)
Time                69670: BRAM read address=0xc43 (49,  3), data=0x42 ( 66)
Time                69690: BRAM read address=0xc44 (49,  4), data=0x35 ( 53)
Time                69710: BRAM read address=0xc45 (49,  5), data=0x37 ( 55)
Time                69730: BRAM read address=0xc46 (49,  6), data=0x3d ( 61)
Time                69750: BRAM read address=0xc47 (49,  7), data=0x53 ( 83)
Time                69770: BRAM read address=0xc48 (49,  8), data=0x54 ( 84)
Time                69790: BRAM read address=0xc49 (49,  9), data=0x2b ( 43)
Time                69810: BRAM read address=0xc4a (49, 10), data=0x1f ( 31)
Time                69830: BRAM read address=0xc4b (49, 11), data=0x5b ( 91)
Time                69850: BRAM read address=0xc4c (49, 12), data=0x51 ( 81)
Time                69870: BRAM read address=0xc4d (49, 13), data=0x4b ( 75)
Time                69890: BRAM read address=0xc4e (49, 14), data=0x53 ( 83)
Time                69910: BRAM read address=0xc4f (49, 15), data=0x4f ( 79)
Time                69930: BRAM read address=0xc50 (49, 16), data=0x3f ( 63)
Time                69950: BRAM read address=0xc51 (49, 17), data=0x55 ( 85)
Time                69970: BRAM read address=0xc52 (49, 18), data=0x25 ( 37)
Time                69990: BRAM read address=0xc53 (49, 19), data=0x44 ( 68)
Time                70010: BRAM read address=0xc54 (49, 20), data=0x29 ( 41)
Time                70030: BRAM read address=0xc55 (49, 21), data=0x27 ( 39)
Time                70050: BRAM read address=0xc56 (49, 22), data=0x3e ( 62)
Time                70070: BRAM read address=0xc57 (49, 23), data=0x5a ( 90)
Time                70090: BRAM read address=0xc58 (49, 24), data=0x36 ( 54)
Time                70110: BRAM read address=0xc59 (49, 25), data=0x3b ( 59)
Time                70130: BRAM read address=0xc5a (49, 26), data=0x3d ( 61)
Time                70150: BRAM read address=0xc5b (49, 27), data=0x51 ( 81)
Time                70170: BRAM read address=0xc5c (49, 28), data=0x3a ( 58)
Time                70190: BRAM read address=0xc5d (49, 29), data=0x21 ( 33)
Time                70210: BRAM read address=0xc5e (49, 30), data=0x55 ( 85)
Time                70230: BRAM read address=0xc5f (49, 31), data=0x42 ( 66)
Time                70250: BRAM read address=0xc60 (49, 32), data=0x54 ( 84)
Time                70270: BRAM read address=0xc61 (49, 33), data=0x6a (106)
Time                70290: BRAM read address=0xc62 (49, 34), data=0x37 ( 55)
Time                70310: BRAM read address=0xc63 (49, 35), data=0x41 ( 65)
Time                70330: BRAM read address=0xc64 (49, 36), data=0x27 ( 39)
Time                70350: BRAM read address=0xc65 (49, 37), data=0x4c ( 76)
Time                70370: BRAM read address=0xc66 (49, 38), data=0x41 ( 65)
Time                70390: BRAM read address=0xc67 (49, 39), data=0x36 ( 54)
Time                70410: BRAM read address=0xc68 (49, 40), data=0x3d ( 61)
Time                70430: BRAM read address=0xc69 (49, 41), data=0x4a ( 74)
Time                70450: BRAM read address=0xc6a (49, 42), data=0x1f ( 31)
Time                70470: BRAM read address=0xc6b (49, 43), data=0x24 ( 36)
Time                70490: BRAM read address=0xc6c (49, 44), data=0x36 ( 54)
Time                70510: BRAM read address=0xc6d (49, 45), data=0x38 ( 56)
Time                70530: BRAM read address=0xc6e (49, 46), data=0x46 ( 70)
Time                70550: BRAM read address=0xc6f (49, 47), data=0x36 ( 54)
Time                70570: BRAM read address=0xc70 (49, 48), data=0x36 ( 54)
Time                70590: BRAM read address=0xc71 (49, 49), data=0x42 ( 66)
Time                70610: BRAM read address=0xc72 (49, 50), data=0x23 ( 35)
Time                70630: BRAM read address=0xc73 (49, 51), data=0x17 ( 23)
Time                70650: BRAM read address=0xc74 (49, 52), data=0x0f ( 15)
Time                70670: BRAM read address=0xc75 (49, 53), data=0x56 ( 86)
Time                70690: BRAM read address=0xc76 (49, 54), data=0x5d ( 93)
Time                70710: BRAM read address=0xc77 (49, 55), data=0x41 ( 65)
Time                70730: BRAM read address=0xc78 (49, 56), data=0x36 ( 54)
Time                70750: BRAM read address=0xc79 (49, 57), data=0x36 ( 54)
Time                70770: BRAM read address=0xc7a (49, 58), data=0x1f ( 31)
Time                70790: BRAM read address=0xc7b (49, 59), data=0x39 ( 57)
Time                70810: BRAM read address=0xc7c (49, 60), data=0x4f ( 79)
Time                70830: BRAM read address=0xc7d (49, 61), data=0x49 ( 73)
Time                70850: BRAM read address=0xc7e (49, 62), data=0x54 ( 84)
Time                70870: BRAM read address=0xc7f (49, 63), data=0x44 ( 68)
Time                70890: BRAM read address=0x000 ( 0,  0), data=0x57 ( 87)
Time                70970: BRAM read address=0xc80 (50,  0), data=0xa9 (169)
Time                70990: BRAM read address=0xc81 (50,  1), data=0x54 ( 84)
Time                71010: BRAM read address=0xc82 (50,  2), data=0x8a (138)
Time                71030: BRAM read address=0xc83 (50,  3), data=0x3d ( 61)
Time                71050: BRAM read address=0xc84 (50,  4), data=0x3d ( 61)
Time                71070: BRAM read address=0xc85 (50,  5), data=0x44 ( 68)
Time                71090: BRAM read address=0xc86 (50,  6), data=0x37 ( 55)
Time                71110: BRAM read address=0xc87 (50,  7), data=0x55 ( 85)
Time                71130: BRAM read address=0xc88 (50,  8), data=0x17 ( 23)
Time                71150: BRAM read address=0xc89 (50,  9), data=0x45 ( 69)
Time                71170: BRAM read address=0xc8a (50, 10), data=0x48 ( 72)
Time                71190: BRAM read address=0xc8b (50, 11), data=0x1d ( 29)
Time                71210: BRAM read address=0xc8c (50, 12), data=0x1c ( 28)
Time                71230: BRAM read address=0xc8d (50, 13), data=0x29 ( 41)
Time                71250: BRAM read address=0xc8e (50, 14), data=0x3e ( 62)
Time                71270: BRAM read address=0xc8f (50, 15), data=0x39 ( 57)
Time                71290: BRAM read address=0xc90 (50, 16), data=0x5d ( 93)
Time                71310: BRAM read address=0xc91 (50, 17), data=0x49 ( 73)
Time                71330: BRAM read address=0xc92 (50, 18), data=0x2a ( 42)
Time                71350: BRAM read address=0xc93 (50, 19), data=0x4c ( 76)
Time                71370: BRAM read address=0xc94 (50, 20), data=0x53 ( 83)
Time                71390: BRAM read address=0xc95 (50, 21), data=0x42 ( 66)
Time                71410: BRAM read address=0xc96 (50, 22), data=0x4a ( 74)
Time                71430: BRAM read address=0xc97 (50, 23), data=0x42 ( 66)
Time                71450: BRAM read address=0xc98 (50, 24), data=0x1a ( 26)
Time                71470: BRAM read address=0xc99 (50, 25), data=0x23 ( 35)
Time                71490: BRAM read address=0xc9a (50, 26), data=0x48 ( 72)
Time                71510: BRAM read address=0xc9b (50, 27), data=0x60 ( 96)
Time                71530: BRAM read address=0xc9c (50, 28), data=0x2c ( 44)
Time                71550: BRAM read address=0xc9d (50, 29), data=0x22 ( 34)
Time                71570: BRAM read address=0xc9e (50, 30), data=0x34 ( 52)
Time                71590: BRAM read address=0xc9f (50, 31), data=0x47 ( 71)
Time                71610: BRAM read address=0xca0 (50, 32), data=0x37 ( 55)
Time                71630: BRAM read address=0xca1 (50, 33), data=0x58 ( 88)
Time                71650: BRAM read address=0xca2 (50, 34), data=0x5f ( 95)
Time                71670: BRAM read address=0xca3 (50, 35), data=0x35 ( 53)
Time                71690: BRAM read address=0xca4 (50, 36), data=0x2a ( 42)
Time                71710: BRAM read address=0xca5 (50, 37), data=0x51 ( 81)
Time                71730: BRAM read address=0xca6 (50, 38), data=0x58 ( 88)
Time                71750: BRAM read address=0xca7 (50, 39), data=0x47 ( 71)
Time                71770: BRAM read address=0xca8 (50, 40), data=0x34 ( 52)
Time                71790: BRAM read address=0xca9 (50, 41), data=0x40 ( 64)
Time                71810: BRAM read address=0xcaa (50, 42), data=0x4e ( 78)
Time                71830: BRAM read address=0xcab (50, 43), data=0x3b ( 59)
Time                71850: BRAM read address=0xcac (50, 44), data=0x4a ( 74)
Time                71870: BRAM read address=0xcad (50, 45), data=0x44 ( 68)
Time                71890: BRAM read address=0xcae (50, 46), data=0x5d ( 93)
Time                71910: BRAM read address=0xcaf (50, 47), data=0x51 ( 81)
Time                71930: BRAM read address=0xcb0 (50, 48), data=0x45 ( 69)
Time                71950: BRAM read address=0xcb1 (50, 49), data=0x35 ( 53)
Time                71970: BRAM read address=0xcb2 (50, 50), data=0x40 ( 64)
Time                71990: BRAM read address=0xcb3 (50, 51), data=0x42 ( 66)
Time                72010: BRAM read address=0xcb4 (50, 52), data=0x2e ( 46)
Time                72030: BRAM read address=0xcb5 (50, 53), data=0x50 ( 80)
Time                72050: BRAM read address=0xcb6 (50, 54), data=0x53 ( 83)
Time                72070: BRAM read address=0xcb7 (50, 55), data=0x2a ( 42)
Time                72090: BRAM read address=0xcb8 (50, 56), data=0x4d ( 77)
Time                72110: BRAM read address=0xcb9 (50, 57), data=0x2e ( 46)
Time                72130: BRAM read address=0xcba (50, 58), data=0x28 ( 40)
Time                72150: BRAM read address=0xcbb (50, 59), data=0x1e ( 30)
Time                72170: BRAM read address=0xcbc (50, 60), data=0x28 ( 40)
Time                72190: BRAM read address=0xcbd (50, 61), data=0x49 ( 73)
Time                72210: BRAM read address=0xcbe (50, 62), data=0x5f ( 95)
Time                72230: BRAM read address=0xcbf (50, 63), data=0x55 ( 85)
Time                72250: BRAM read address=0x000 ( 0,  0), data=0x57 ( 87)
Time                72330: BRAM read address=0xcc0 (51,  0), data=0x7b (123)
Time                72350: BRAM read address=0xcc1 (51,  1), data=0x37 ( 55)
Time                72370: BRAM read address=0xcc2 (51,  2), data=0x30 ( 48)
Time                72390: BRAM read address=0xcc3 (51,  3), data=0x3d ( 61)
Time                72410: BRAM read address=0xcc4 (51,  4), data=0x4d ( 77)
Time                72430: BRAM read address=0xcc5 (51,  5), data=0x28 ( 40)
Time                72450: BRAM read address=0xcc6 (51,  6), data=0x30 ( 48)
Time                72470: BRAM read address=0xcc7 (51,  7), data=0x4a ( 74)
Time                72490: BRAM read address=0xcc8 (51,  8), data=0x31 ( 49)
Time                72510: BRAM read address=0xcc9 (51,  9), data=0x6c (108)
Time                72530: BRAM read address=0xcca (51, 10), data=0x49 ( 73)
Time                72550: BRAM read address=0xccb (51, 11), data=0x35 ( 53)
Time                72570: BRAM read address=0xccc (51, 12), data=0x4d ( 77)
Time                72590: BRAM read address=0xccd (51, 13), data=0x27 ( 39)
Time                72610: BRAM read address=0xcce (51, 14), data=0x1a ( 26)
Time                72630: BRAM read address=0xccf (51, 15), data=0x49 ( 73)
Time                72650: BRAM read address=0xcd0 (51, 16), data=0x4f ( 79)
Time                72670: BRAM read address=0xcd1 (51, 17), data=0x3d ( 61)
Time                72690: BRAM read address=0xcd2 (51, 18), data=0x1d ( 29)
Time                72710: BRAM read address=0xcd3 (51, 19), data=0x2f ( 47)
Time                72730: BRAM read address=0xcd4 (51, 20), data=0x48 ( 72)
Time                72750: BRAM read address=0xcd5 (51, 21), data=0x49 ( 73)
Time                72770: BRAM read address=0xcd6 (51, 22), data=0x3b ( 59)
Time                72790: BRAM read address=0xcd7 (51, 23), data=0x42 ( 66)
Time                72810: BRAM read address=0xcd8 (51, 24), data=0x54 ( 84)
Time                72830: BRAM read address=0xcd9 (51, 25), data=0x34 ( 52)
Time                72850: BRAM read address=0xcda (51, 26), data=0x2c ( 44)
Time                72870: BRAM read address=0xcdb (51, 27), data=0x2e ( 46)
Time                72890: BRAM read address=0xcdc (51, 28), data=0x37 ( 55)
Time                72910: BRAM read address=0xcdd (51, 29), data=0x38 ( 56)
Time                72930: BRAM read address=0xcde (51, 30), data=0x5b ( 91)
Time                72950: BRAM read address=0xcdf (51, 31), data=0x55 ( 85)
Time                72970: BRAM read address=0xce0 (51, 32), data=0x5f ( 95)
Time                72990: BRAM read address=0xce1 (51, 33), data=0x16 ( 22)
Time                73010: BRAM read address=0xce2 (51, 34), data=0x30 ( 48)
Time                73030: BRAM read address=0xce3 (51, 35), data=0x47 ( 71)
Time                73050: BRAM read address=0xce4 (51, 36), data=0x29 ( 41)
Time                73070: BRAM read address=0xce5 (51, 37), data=0x34 ( 52)
Time                73090: BRAM read address=0xce6 (51, 38), data=0x48 ( 72)
Time                73110: BRAM read address=0xce7 (51, 39), data=0x28 ( 40)
Time                73130: BRAM read address=0xce8 (51, 40), data=0x45 ( 69)
Time                73150: BRAM read address=0xce9 (51, 41), data=0x47 ( 71)
Time                73170: BRAM read address=0xcea (51, 42), data=0x51 ( 81)
Time                73190: BRAM read address=0xceb (51, 43), data=0x27 ( 39)
Time                73210: BRAM read address=0xcec (51, 44), data=0x39 ( 57)
Time                73230: BRAM read address=0xced (51, 45), data=0x47 ( 71)
Time                73250: BRAM read address=0xcee (51, 46), data=0x48 ( 72)
Time                73270: BRAM read address=0xcef (51, 47), data=0x41 ( 65)
Time                73290: BRAM read address=0xcf0 (51, 48), data=0x28 ( 40)
Time                73310: BRAM read address=0xcf1 (51, 49), data=0x55 ( 85)
Time                73330: BRAM read address=0xcf2 (51, 50), data=0x45 ( 69)
Time                73350: BRAM read address=0xcf3 (51, 51), data=0x24 ( 36)
Time                73370: BRAM read address=0xcf4 (51, 52), data=0x4f ( 79)
Time                73390: BRAM read address=0xcf5 (51, 53), data=0x47 ( 71)
Time                73410: BRAM read address=0xcf6 (51, 54), data=0x3f ( 63)
Time                73430: BRAM read address=0xcf7 (51, 55), data=0x4d ( 77)
Time                73450: BRAM read address=0xcf8 (51, 56), data=0x5d ( 93)
Time                73470: BRAM read address=0xcf9 (51, 57), data=0x39 ( 57)
Time                73490: BRAM read address=0xcfa (51, 58), data=0x2f ( 47)
Time                73510: BRAM read address=0xcfb (51, 59), data=0x53 ( 83)
Time                73530: BRAM read address=0xcfc (51, 60), data=0x72 (114)
Time                73550: BRAM read address=0xcfd (51, 61), data=0x62 ( 98)
Time                73570: BRAM read address=0xcfe (51, 62), data=0x70 (112)
Time                73590: BRAM read address=0xcff (51, 63), data=0x49 ( 73)
Time                73610: BRAM read address=0x000 ( 0,  0), data=0x57 ( 87)
Time                73690: BRAM read address=0xd00 (52,  0), data=0x64 (100)
Time                73710: BRAM read address=0xd01 (52,  1), data=0x13 ( 19)
Time                73730: BRAM read address=0xd02 (52,  2), data=0x40 ( 64)
Time                73750: BRAM read address=0xd03 (52,  3), data=0x19 ( 25)
Time                73770: BRAM read address=0xd04 (52,  4), data=0x27 ( 39)
Time                73790: BRAM read address=0xd05 (52,  5), data=0x5f ( 95)
Time                73810: BRAM read address=0xd06 (52,  6), data=0x26 ( 38)
Time                73830: BRAM read address=0xd07 (52,  7), data=0x30 ( 48)
Time                73850: BRAM read address=0xd08 (52,  8), data=0x3a ( 58)
Time                73870: BRAM read address=0xd09 (52,  9), data=0x5f ( 95)
Time                73890: BRAM read address=0xd0a (52, 10), data=0x3b ( 59)
Time                73910: BRAM read address=0xd0b (52, 11), data=0x31 ( 49)
Time                73930: BRAM read address=0xd0c (52, 12), data=0x25 ( 37)
Time                73950: BRAM read address=0xd0d (52, 13), data=0x23 ( 35)
Time                73970: BRAM read address=0xd0e (52, 14), data=0x50 ( 80)
Time                73990: BRAM read address=0xd0f (52, 15), data=0x3f ( 63)
Time                74010: BRAM read address=0xd10 (52, 16), data=0x32 ( 50)
Time                74030: BRAM read address=0xd11 (52, 17), data=0x31 ( 49)
Time                74050: BRAM read address=0xd12 (52, 18), data=0x40 ( 64)
Time                74070: BRAM read address=0xd13 (52, 19), data=0x4e ( 78)
Time                74090: BRAM read address=0xd14 (52, 20), data=0x40 ( 64)
Time                74110: BRAM read address=0xd15 (52, 21), data=0x27 ( 39)
Time                74130: BRAM read address=0xd16 (52, 22), data=0x44 ( 68)
Time                74150: BRAM read address=0xd17 (52, 23), data=0x47 ( 71)
Time                74170: BRAM read address=0xd18 (52, 24), data=0x2c ( 44)
Time                74190: BRAM read address=0xd19 (52, 25), data=0x25 ( 37)
Time                74210: BRAM read address=0xd1a (52, 26), data=0x63 ( 99)
Time                74230: BRAM read address=0xd1b (52, 27), data=0x4e ( 78)
Time                74250: BRAM read address=0xd1c (52, 28), data=0x51 ( 81)
Time                74270: BRAM read address=0xd1d (52, 29), data=0x4a ( 74)
Time                74290: BRAM read address=0xd1e (52, 30), data=0x50 ( 80)
Time                74310: BRAM read address=0xd1f (52, 31), data=0x2a ( 42)
Time                74330: BRAM read address=0xd20 (52, 32), data=0x35 ( 53)
Time                74350: BRAM read address=0xd21 (52, 33), data=0x31 ( 49)
Time                74370: BRAM read address=0xd22 (52, 34), data=0x80 (128)
Time                74390: BRAM read address=0xd23 (52, 35), data=0x31 ( 49)
Time                74410: BRAM read address=0xd24 (52, 36), data=0x33 ( 51)
Time                74430: BRAM read address=0xd25 (52, 37), data=0x47 ( 71)
Time                74450: BRAM read address=0xd26 (52, 38), data=0x2b ( 43)
Time                74470: BRAM read address=0xd27 (52, 39), data=0x2f ( 47)
Time                74490: BRAM read address=0xd28 (52, 40), data=0x4b ( 75)
Time                74510: BRAM read address=0xd29 (52, 41), data=0x51 ( 81)
Time                74530: BRAM read address=0xd2a (52, 42), data=0x4a ( 74)
Time                74550: BRAM read address=0xd2b (52, 43), data=0x4a ( 74)
Time                74570: BRAM read address=0xd2c (52, 44), data=0x61 ( 97)
Time                74590: BRAM read address=0xd2d (52, 45), data=0x4c ( 76)
Time                74610: BRAM read address=0xd2e (52, 46), data=0x2d ( 45)
Time                74630: BRAM read address=0xd2f (52, 47), data=0x40 ( 64)
Time                74650: BRAM read address=0xd30 (52, 48), data=0x2f ( 47)
Time                74670: BRAM read address=0xd31 (52, 49), data=0x22 ( 34)
Time                74690: BRAM read address=0xd32 (52, 50), data=0x3f ( 63)
Time                74710: BRAM read address=0xd33 (52, 51), data=0x3f ( 63)
Time                74730: BRAM read address=0xd34 (52, 52), data=0x44 ( 68)
Time                74750: BRAM read address=0xd35 (52, 53), data=0x5d ( 93)
Time                74770: BRAM read address=0xd36 (52, 54), data=0x2f ( 47)
Time                74790: BRAM read address=0xd37 (52, 55), data=0x26 ( 38)
Time                74810: BRAM read address=0xd38 (52, 56), data=0x3a ( 58)
Time                74830: BRAM read address=0xd39 (52, 57), data=0x35 ( 53)
Time                74850: BRAM read address=0xd3a (52, 58), data=0x47 ( 71)
Time                74870: BRAM read address=0xd3b (52, 59), data=0x36 ( 54)
Time                74890: BRAM read address=0xd3c (52, 60), data=0x36 ( 54)
Time                74910: BRAM read address=0xd3d (52, 61), data=0x30 ( 48)
Time                74930: BRAM read address=0xd3e (52, 62), data=0x55 ( 85)
Time                74950: BRAM read address=0xd3f (52, 63), data=0x4a ( 74)
Time                74970: BRAM read address=0x000 ( 0,  0), data=0x57 ( 87)
Time                75050: BRAM read address=0xd40 (53,  0), data=0x4b ( 75)
Time                75070: BRAM read address=0xd41 (53,  1), data=0x34 ( 52)
Time                75090: BRAM read address=0xd42 (53,  2), data=0x3b ( 59)
Time                75110: BRAM read address=0xd43 (53,  3), data=0x39 ( 57)
Time                75130: BRAM read address=0xd44 (53,  4), data=0x4a ( 74)
Time                75150: BRAM read address=0xd45 (53,  5), data=0x1b ( 27)
Time                75170: BRAM read address=0xd46 (53,  6), data=0x1e ( 30)
Time                75190: BRAM read address=0xd47 (53,  7), data=0x1a ( 26)
Time                75210: BRAM read address=0xd48 (53,  8), data=0x43 ( 67)
Time                75230: BRAM read address=0xd49 (53,  9), data=0x59 ( 89)
Time                75250: BRAM read address=0xd4a (53, 10), data=0x4a ( 74)
Time                75270: BRAM read address=0xd4b (53, 11), data=0x5d ( 93)
Time                75290: BRAM read address=0xd4c (53, 12), data=0x48 ( 72)
Time                75310: BRAM read address=0xd4d (53, 13), data=0x44 ( 68)
Time                75330: BRAM read address=0xd4e (53, 14), data=0x68 (104)
Time                75350: BRAM read address=0xd4f (53, 15), data=0x47 ( 71)
Time                75370: BRAM read address=0xd50 (53, 16), data=0x3d ( 61)
Time                75390: BRAM read address=0xd51 (53, 17), data=0x3a ( 58)
Time                75410: BRAM read address=0xd52 (53, 18), data=0x4b ( 75)
Time                75430: BRAM read address=0xd53 (53, 19), data=0x33 ( 51)
Time                75450: BRAM read address=0xd54 (53, 20), data=0x3e ( 62)
Time                75470: BRAM read address=0xd55 (53, 21), data=0x2b ( 43)
Time                75490: BRAM read address=0xd56 (53, 22), data=0x48 ( 72)
Time                75510: BRAM read address=0xd57 (53, 23), data=0x45 ( 69)
Time                75530: BRAM read address=0xd58 (53, 24), data=0x44 ( 68)
Time                75550: BRAM read address=0xd59 (53, 25), data=0x42 ( 66)
Time                75570: BRAM read address=0xd5a (53, 26), data=0x32 ( 50)
Time                75590: BRAM read address=0xd5b (53, 27), data=0x36 ( 54)
Time                75610: BRAM read address=0xd5c (53, 28), data=0x5e ( 94)
Time                75630: BRAM read address=0xd5d (53, 29), data=0x4d ( 77)
Time                75650: BRAM read address=0xd5e (53, 30), data=0x26 ( 38)
Time                75670: BRAM read address=0xd5f (53, 31), data=0x57 ( 87)
Time                75690: BRAM read address=0xd60 (53, 32), data=0x47 ( 71)
Time                75710: BRAM read address=0xd61 (53, 33), data=0x62 ( 98)
Time                75730: BRAM read address=0xd62 (53, 34), data=0x33 ( 51)
Time                75750: BRAM read address=0xd63 (53, 35), data=0x25 ( 37)
Time                75770: BRAM read address=0xd64 (53, 36), data=0x38 ( 56)
Time                75790: BRAM read address=0xd65 (53, 37), data=0x33 ( 51)
Time                75810: BRAM read address=0xd66 (53, 38), data=0x3d ( 61)
Time                75830: BRAM read address=0xd67 (53, 39), data=0x52 ( 82)
Time                75850: BRAM read address=0xd68 (53, 40), data=0x6a (106)
Time                75870: BRAM read address=0xd69 (53, 41), data=0x4b ( 75)
Time                75890: BRAM read address=0xd6a (53, 42), data=0x4b ( 75)
Time                75910: BRAM read address=0xd6b (53, 43), data=0x31 ( 49)
Time                75930: BRAM read address=0xd6c (53, 44), data=0x4e ( 78)
Time                75950: BRAM read address=0xd6d (53, 45), data=0x25 ( 37)
Time                75970: BRAM read address=0xd6e (53, 46), data=0x3b ( 59)
Time                75990: BRAM read address=0xd6f (53, 47), data=0x44 ( 68)
Time                76010: BRAM read address=0xd70 (53, 48), data=0x46 ( 70)
Time                76030: BRAM read address=0xd71 (53, 49), data=0x4b ( 75)
Time                76050: BRAM read address=0xd72 (53, 50), data=0x3c ( 60)
Time                76070: BRAM read address=0xd73 (53, 51), data=0x39 ( 57)
Time                76090: BRAM read address=0xd74 (53, 52), data=0x45 ( 69)
Time                76110: BRAM read address=0xd75 (53, 53), data=0x33 ( 51)
Time                76130: BRAM read address=0xd76 (53, 54), data=0x3f ( 63)
Time                76150: BRAM read address=0xd77 (53, 55), data=0x32 ( 50)
Time                76170: BRAM read address=0xd78 (53, 56), data=0x58 ( 88)
Time                76190: BRAM read address=0xd79 (53, 57), data=0x43 ( 67)
Time                76210: BRAM read address=0xd7a (53, 58), data=0x73 (115)
Time                76230: BRAM read address=0xd7b (53, 59), data=0x37 ( 55)
Time                76250: BRAM read address=0xd7c (53, 60), data=0x50 ( 80)
Time                76270: BRAM read address=0xd7d (53, 61), data=0x2a ( 42)
Time                76290: BRAM read address=0xd7e (53, 62), data=0x5c ( 92)
Time                76310: BRAM read address=0xd7f (53, 63), data=0x27 ( 39)
Time                76330: BRAM read address=0x000 ( 0,  0), data=0x57 ( 87)
Time                76410: BRAM read address=0xd80 (54,  0), data=0x4f ( 79)
Time                76430: BRAM read address=0xd81 (54,  1), data=0x41 ( 65)
Time                76450: BRAM read address=0xd82 (54,  2), data=0x3c ( 60)
Time                76470: BRAM read address=0xd83 (54,  3), data=0x3a ( 58)
Time                76490: BRAM read address=0xd84 (54,  4), data=0x43 ( 67)
Time                76510: BRAM read address=0xd85 (54,  5), data=0x3c ( 60)
Time                76530: BRAM read address=0xd86 (54,  6), data=0x63 ( 99)
Time                76550: BRAM read address=0xd87 (54,  7), data=0x39 ( 57)
Time                76570: BRAM read address=0xd88 (54,  8), data=0x4a ( 74)
Time                76590: BRAM read address=0xd89 (54,  9), data=0x51 ( 81)
Time                76610: BRAM read address=0xd8a (54, 10), data=0x44 ( 68)
Time                76630: BRAM read address=0xd8b (54, 11), data=0x5b ( 91)
Time                76650: BRAM read address=0xd8c (54, 12), data=0x5c ( 92)
Time                76670: BRAM read address=0xd8d (54, 13), data=0x2f ( 47)
Time                76690: BRAM read address=0xd8e (54, 14), data=0x3d ( 61)
Time                76710: BRAM read address=0xd8f (54, 15), data=0x58 ( 88)
Time                76730: BRAM read address=0xd90 (54, 16), data=0x47 ( 71)
Time                76750: BRAM read address=0xd91 (54, 17), data=0x3e ( 62)
Time                76770: BRAM read address=0xd92 (54, 18), data=0x31 ( 49)
Time                76790: BRAM read address=0xd93 (54, 19), data=0x24 ( 36)
Time                76810: BRAM read address=0xd94 (54, 20), data=0x3f ( 63)
Time                76830: BRAM read address=0xd95 (54, 21), data=0x5d ( 93)
Time                76850: BRAM read address=0xd96 (54, 22), data=0x61 ( 97)
Time                76870: BRAM read address=0xd97 (54, 23), data=0x47 ( 71)
Time                76890: BRAM read address=0xd98 (54, 24), data=0x0f ( 15)
Time                76910: BRAM read address=0xd99 (54, 25), data=0x3e ( 62)
Time                76930: BRAM read address=0xd9a (54, 26), data=0x54 ( 84)
Time                76950: BRAM read address=0xd9b (54, 27), data=0x4e ( 78)
Time                76970: BRAM read address=0xd9c (54, 28), data=0x66 (102)
Time                76990: BRAM read address=0xd9d (54, 29), data=0x3a ( 58)
Time                77010: BRAM read address=0xd9e (54, 30), data=0x24 ( 36)
Time                77030: BRAM read address=0xd9f (54, 31), data=0x3e ( 62)
Time                77050: BRAM read address=0xda0 (54, 32), data=0x37 ( 55)
Time                77070: BRAM read address=0xda1 (54, 33), data=0x46 ( 70)
Time                77090: BRAM read address=0xda2 (54, 34), data=0x56 ( 86)
Time                77110: BRAM read address=0xda3 (54, 35), data=0x60 ( 96)
Time                77130: BRAM read address=0xda4 (54, 36), data=0x2e ( 46)
Time                77150: BRAM read address=0xda5 (54, 37), data=0x36 ( 54)
Time                77170: BRAM read address=0xda6 (54, 38), data=0x54 ( 84)
Time                77190: BRAM read address=0xda7 (54, 39), data=0x15 ( 21)
Time                77210: BRAM read address=0xda8 (54, 40), data=0x49 ( 73)
Time                77230: BRAM read address=0xda9 (54, 41), data=0x4c ( 76)
Time                77250: BRAM read address=0xdaa (54, 42), data=0x5b ( 91)
Time                77270: BRAM read address=0xdab (54, 43), data=0x3c ( 60)
Time                77290: BRAM read address=0xdac (54, 44), data=0x40 ( 64)
Time                77310: BRAM read address=0xdad (54, 45), data=0x3e ( 62)
Time                77330: BRAM read address=0xdae (54, 46), data=0x14 ( 20)
Time                77350: BRAM read address=0xdaf (54, 47), data=0x30 ( 48)
Time                77370: BRAM read address=0xdb0 (54, 48), data=0x39 ( 57)
Time                77390: BRAM read address=0xdb1 (54, 49), data=0x4b ( 75)
Time                77410: BRAM read address=0xdb2 (54, 50), data=0x3a ( 58)
Time                77430: BRAM read address=0xdb3 (54, 51), data=0x4a ( 74)
Time                77450: BRAM read address=0xdb4 (54, 52), data=0x3b ( 59)
Time                77470: BRAM read address=0xdb5 (54, 53), data=0x50 ( 80)
Time                77490: BRAM read address=0xdb6 (54, 54), data=0x4e ( 78)
Time                77510: BRAM read address=0xdb7 (54, 55), data=0x3b ( 59)
Time                77530: BRAM read address=0xdb8 (54, 56), data=0x39 ( 57)
Time                77550: BRAM read address=0xdb9 (54, 57), data=0x4c ( 76)
Time                77570: BRAM read address=0xdba (54, 58), data=0x2a ( 42)
Time                77590: BRAM read address=0xdbb (54, 59), data=0x16 ( 22)
Time                77610: BRAM read address=0xdbc (54, 60), data=0x41 ( 65)
Time                77630: BRAM read address=0xdbd (54, 61), data=0x46 ( 70)
Time                77650: BRAM read address=0xdbe (54, 62), data=0x4a ( 74)
Time                77670: BRAM read address=0xdbf (54, 63), data=0x41 ( 65)
Time                77690: BRAM read address=0x000 ( 0,  0), data=0x57 ( 87)
Time                77770: BRAM read address=0xdc0 (55,  0), data=0x41 ( 65)
Time                77790: BRAM read address=0xdc1 (55,  1), data=0x72 (114)
Time                77810: BRAM read address=0xdc2 (55,  2), data=0x2e ( 46)
Time                77830: BRAM read address=0xdc3 (55,  3), data=0x42 ( 66)
Time                77850: BRAM read address=0xdc4 (55,  4), data=0x4e ( 78)
Time                77870: BRAM read address=0xdc5 (55,  5), data=0x32 ( 50)
Time                77890: BRAM read address=0xdc6 (55,  6), data=0x26 ( 38)
Time                77910: BRAM read address=0xdc7 (55,  7), data=0x49 ( 73)
Time                77930: BRAM read address=0xdc8 (55,  8), data=0x46 ( 70)
Time                77950: BRAM read address=0xdc9 (55,  9), data=0x35 ( 53)
Time                77970: BRAM read address=0xdca (55, 10), data=0x55 ( 85)
Time                77990: BRAM read address=0xdcb (55, 11), data=0x3e ( 62)
Time                78010: BRAM read address=0xdcc (55, 12), data=0x29 ( 41)
Time                78030: BRAM read address=0xdcd (55, 13), data=0x57 ( 87)
Time                78050: BRAM read address=0xdce (55, 14), data=0x2c ( 44)
Time                78070: BRAM read address=0xdcf (55, 15), data=0x4c ( 76)
Time                78090: BRAM read address=0xdd0 (55, 16), data=0x52 ( 82)
Time                78110: BRAM read address=0xdd1 (55, 17), data=0x62 ( 98)
Time                78130: BRAM read address=0xdd2 (55, 18), data=0x47 ( 71)
Time                78150: BRAM read address=0xdd3 (55, 19), data=0x24 ( 36)
Time                78170: BRAM read address=0xdd4 (55, 20), data=0x44 ( 68)
Time                78190: BRAM read address=0xdd5 (55, 21), data=0x5c ( 92)
Time                78210: BRAM read address=0xdd6 (55, 22), data=0x44 ( 68)
Time                78230: BRAM read address=0xdd7 (55, 23), data=0x4d ( 77)
Time                78250: BRAM read address=0xdd8 (55, 24), data=0x3a ( 58)
Time                78270: BRAM read address=0xdd9 (55, 25), data=0x3c ( 60)
Time                78290: BRAM read address=0xdda (55, 26), data=0x2c ( 44)
Time                78310: BRAM read address=0xddb (55, 27), data=0x4b ( 75)
Time                78330: BRAM read address=0xddc (55, 28), data=0x4f ( 79)
Time                78350: BRAM read address=0xddd (55, 29), data=0x46 ( 70)
Time                78370: BRAM read address=0xdde (55, 30), data=0x45 ( 69)
Time                78390: BRAM read address=0xddf (55, 31), data=0x27 ( 39)
Time                78410: BRAM read address=0xde0 (55, 32), data=0x59 ( 89)
Time                78430: BRAM read address=0xde1 (55, 33), data=0x5f ( 95)
Time                78450: BRAM read address=0xde2 (55, 34), data=0x4d ( 77)
Time                78470: BRAM read address=0xde3 (55, 35), data=0x40 ( 64)
Time                78490: BRAM read address=0xde4 (55, 36), data=0x47 ( 71)
Time                78510: BRAM read address=0xde5 (55, 37), data=0x47 ( 71)
Time                78530: BRAM read address=0xde6 (55, 38), data=0x3e ( 62)
Time                78550: BRAM read address=0xde7 (55, 39), data=0x40 ( 64)
Time                78570: BRAM read address=0xde8 (55, 40), data=0x3a ( 58)
Time                78590: BRAM read address=0xde9 (55, 41), data=0x16 ( 22)
Time                78610: BRAM read address=0xdea (55, 42), data=0x48 ( 72)
Time                78630: BRAM read address=0xdeb (55, 43), data=0x2f ( 47)
Time                78650: BRAM read address=0xdec (55, 44), data=0x47 ( 71)
Time                78670: BRAM read address=0xded (55, 45), data=0x35 ( 53)
Time                78690: BRAM read address=0xdee (55, 46), data=0x4f ( 79)
Time                78710: BRAM read address=0xdef (55, 47), data=0x17 ( 23)
Time                78730: BRAM read address=0xdf0 (55, 48), data=0x2d ( 45)
Time                78750: BRAM read address=0xdf1 (55, 49), data=0x30 ( 48)
Time                78770: BRAM read address=0xdf2 (55, 50), data=0x25 ( 37)
Time                78790: BRAM read address=0xdf3 (55, 51), data=0x26 ( 38)
Time                78810: BRAM read address=0xdf4 (55, 52), data=0x42 ( 66)
Time                78830: BRAM read address=0xdf5 (55, 53), data=0x4d ( 77)
Time                78850: BRAM read address=0xdf6 (55, 54), data=0x6e (110)
Time                78870: BRAM read address=0xdf7 (55, 55), data=0x56 ( 86)
Time                78890: BRAM read address=0xdf8 (55, 56), data=0x37 ( 55)
Time                78910: BRAM read address=0xdf9 (55, 57), data=0x2d ( 45)
Time                78930: BRAM read address=0xdfa (55, 58), data=0x42 ( 66)
Time                78950: BRAM read address=0xdfb (55, 59), data=0x1a ( 26)
Time                78970: BRAM read address=0xdfc (55, 60), data=0x44 ( 68)
Time                78990: BRAM read address=0xdfd (55, 61), data=0x49 ( 73)
Time                79010: BRAM read address=0xdfe (55, 62), data=0x4c ( 76)
Time                79030: BRAM read address=0xdff (55, 63), data=0x22 ( 34)
Time                79050: BRAM read address=0x000 ( 0,  0), data=0x57 ( 87)
Time                79130: BRAM read address=0xe00 (56,  0), data=0x34 ( 52)
Time                79150: BRAM read address=0xe01 (56,  1), data=0x51 ( 81)
Time                79170: BRAM read address=0xe02 (56,  2), data=0x4b ( 75)
Time                79190: BRAM read address=0xe03 (56,  3), data=0x4a ( 74)
Time                79210: BRAM read address=0xe04 (56,  4), data=0x19 ( 25)
Time                79230: BRAM read address=0xe05 (56,  5), data=0x58 ( 88)
Time                79250: BRAM read address=0xe06 (56,  6), data=0x2a ( 42)
Time                79270: BRAM read address=0xe07 (56,  7), data=0x1e ( 30)
Time                79290: BRAM read address=0xe08 (56,  8), data=0x72 (114)
Time                79310: BRAM read address=0xe09 (56,  9), data=0x1d ( 29)
Time                79330: BRAM read address=0xe0a (56, 10), data=0x1f ( 31)
Time                79350: BRAM read address=0xe0b (56, 11), data=0x63 ( 99)
Time                79370: BRAM read address=0xe0c (56, 12), data=0x50 ( 80)
Time                79390: BRAM read address=0xe0d (56, 13), data=0x36 ( 54)
Time                79410: BRAM read address=0xe0e (56, 14), data=0x2d ( 45)
Time                79430: BRAM read address=0xe0f (56, 15), data=0x37 ( 55)
Time                79450: BRAM read address=0xe10 (56, 16), data=0x61 ( 97)
Time                79470: BRAM read address=0xe11 (56, 17), data=0x51 ( 81)
Time                79490: BRAM read address=0xe12 (56, 18), data=0x28 ( 40)
Time                79510: BRAM read address=0xe13 (56, 19), data=0x6b (107)
Time                79530: BRAM read address=0xe14 (56, 20), data=0x49 ( 73)
Time                79550: BRAM read address=0xe15 (56, 21), data=0x60 ( 96)
Time                79570: BRAM read address=0xe16 (56, 22), data=0x00 (  0)
Time                79590: BRAM read address=0xe17 (56, 23), data=0x42 ( 66)
Time                79610: BRAM read address=0xe18 (56, 24), data=0x52 ( 82)
Time                79630: BRAM read address=0xe19 (56, 25), data=0x46 ( 70)
Time                79650: BRAM read address=0xe1a (56, 26), data=0x3a ( 58)
Time                79670: BRAM read address=0xe1b (56, 27), data=0x39 ( 57)
Time                79690: BRAM read address=0xe1c (56, 28), data=0x49 ( 73)
Time                79710: BRAM read address=0xe1d (56, 29), data=0x64 (100)
Time                79730: BRAM read address=0xe1e (56, 30), data=0x48 ( 72)
Time                79750: BRAM read address=0xe1f (56, 31), data=0x27 ( 39)
Time                79770: BRAM read address=0xe20 (56, 32), data=0x43 ( 67)
Time                79790: BRAM read address=0xe21 (56, 33), data=0x3c ( 60)
Time                79810: BRAM read address=0xe22 (56, 34), data=0x33 ( 51)
Time                79830: BRAM read address=0xe23 (56, 35), data=0x38 ( 56)
Time                79850: BRAM read address=0xe24 (56, 36), data=0x41 ( 65)
Time                79870: BRAM read address=0xe25 (56, 37), data=0x34 ( 52)
Time                79890: BRAM read address=0xe26 (56, 38), data=0x3d ( 61)
Time                79910: BRAM read address=0xe27 (56, 39), data=0x47 ( 71)
Time                79930: BRAM read address=0xe28 (56, 40), data=0x55 ( 85)
Time                79950: BRAM read address=0xe29 (56, 41), data=0x48 ( 72)
Time                79970: BRAM read address=0xe2a (56, 42), data=0x43 ( 67)
Time                79990: BRAM read address=0xe2b (56, 43), data=0x41 ( 65)
Time                80010: BRAM read address=0xe2c (56, 44), data=0x31 ( 49)
Time                80030: BRAM read address=0xe2d (56, 45), data=0x2d ( 45)
Time                80050: BRAM read address=0xe2e (56, 46), data=0x40 ( 64)
Time                80070: BRAM read address=0xe2f (56, 47), data=0x3f ( 63)
Time                80090: BRAM read address=0xe30 (56, 48), data=0x48 ( 72)
Time                80110: BRAM read address=0xe31 (56, 49), data=0x40 ( 64)
Time                80130: BRAM read address=0xe32 (56, 50), data=0x2e ( 46)
Time                80150: BRAM read address=0xe33 (56, 51), data=0x26 ( 38)
Time                80170: BRAM read address=0xe34 (56, 52), data=0x31 ( 49)
Time                80190: BRAM read address=0xe35 (56, 53), data=0x37 ( 55)
Time                80210: BRAM read address=0xe36 (56, 54), data=0x49 ( 73)
Time                80230: BRAM read address=0xe37 (56, 55), data=0x48 ( 72)
Time                80250: BRAM read address=0xe38 (56, 56), data=0x20 ( 32)
Time                80270: BRAM read address=0xe39 (56, 57), data=0x21 ( 33)
Time                80290: BRAM read address=0xe3a (56, 58), data=0x53 ( 83)
Time                80310: BRAM read address=0xe3b (56, 59), data=0x33 ( 51)
Time                80330: BRAM read address=0xe3c (56, 60), data=0x31 ( 49)
Time                80350: BRAM read address=0xe3d (56, 61), data=0x20 ( 32)
Time                80370: BRAM read address=0xe3e (56, 62), data=0x4d ( 77)
Time                80390: BRAM read address=0xe3f (56, 63), data=0x22 ( 34)
Time                80410: BRAM read address=0x000 ( 0,  0), data=0x57 ( 87)
Time                80490: BRAM read address=0xe40 (57,  0), data=0x31 ( 49)
Time                80510: BRAM read address=0xe41 (57,  1), data=0x0f ( 15)
Time                80530: BRAM read address=0xe42 (57,  2), data=0x50 ( 80)
Time                80550: BRAM read address=0xe43 (57,  3), data=0x0d ( 13)
Time                80570: BRAM read address=0xe44 (57,  4), data=0x4c ( 76)
Time                80590: BRAM read address=0xe45 (57,  5), data=0x27 ( 39)
Time                80610: BRAM read address=0xe46 (57,  6), data=0x2c ( 44)
Time                80630: BRAM read address=0xe47 (57,  7), data=0x41 ( 65)
Time                80650: BRAM read address=0xe48 (57,  8), data=0x4b ( 75)
Time                80670: BRAM read address=0xe49 (57,  9), data=0x3e ( 62)
Time                80690: BRAM read address=0xe4a (57, 10), data=0x49 ( 73)
Time                80710: BRAM read address=0xe4b (57, 11), data=0x4b ( 75)
Time                80730: BRAM read address=0xe4c (57, 12), data=0x37 ( 55)
Time                80750: BRAM read address=0xe4d (57, 13), data=0x45 ( 69)
Time                80770: BRAM read address=0xe4e (57, 14), data=0x3c ( 60)
Time                80790: BRAM read address=0xe4f (57, 15), data=0x1e ( 30)
Time                80810: BRAM read address=0xe50 (57, 16), data=0x36 ( 54)
Time                80830: BRAM read address=0xe51 (57, 17), data=0x55 ( 85)
Time                80850: BRAM read address=0xe52 (57, 18), data=0x56 ( 86)
Time                80870: BRAM read address=0xe53 (57, 19), data=0x4b ( 75)
Time                80890: BRAM read address=0xe54 (57, 20), data=0x3a ( 58)
Time                80910: BRAM read address=0xe55 (57, 21), data=0x37 ( 55)
Time                80930: BRAM read address=0xe56 (57, 22), data=0x4f ( 79)
Time                80950: BRAM read address=0xe57 (57, 23), data=0x36 ( 54)
Time                80970: BRAM read address=0xe58 (57, 24), data=0x2e ( 46)
Time                80990: BRAM read address=0xe59 (57, 25), data=0x67 (103)
Time                81010: BRAM read address=0xe5a (57, 26), data=0x56 ( 86)
Time                81030: BRAM read address=0xe5b (57, 27), data=0x39 ( 57)
Time                81050: BRAM read address=0xe5c (57, 28), data=0x29 ( 41)
Time                81070: BRAM read address=0xe5d (57, 29), data=0x58 ( 88)
Time                81090: BRAM read address=0xe5e (57, 30), data=0x50 ( 80)
Time                81110: BRAM read address=0xe5f (57, 31), data=0x3b ( 59)
Time                81130: BRAM read address=0xe60 (57, 32), data=0x57 ( 87)
Time                81150: BRAM read address=0xe61 (57, 33), data=0x39 ( 57)
Time                81170: BRAM read address=0xe62 (57, 34), data=0x44 ( 68)
Time                81190: BRAM read address=0xe63 (57, 35), data=0x49 ( 73)
Time                81210: BRAM read address=0xe64 (57, 36), data=0x31 ( 49)
Time                81230: BRAM read address=0xe65 (57, 37), data=0x4a ( 74)
Time                81250: BRAM read address=0xe66 (57, 38), data=0x3b ( 59)
Time                81270: BRAM read address=0xe67 (57, 39), data=0x5f ( 95)
Time                81290: BRAM read address=0xe68 (57, 40), data=0x4c ( 76)
Time                81310: BRAM read address=0xe69 (57, 41), data=0x21 ( 33)
Time                81330: BRAM read address=0xe6a (57, 42), data=0x3c ( 60)
Time                81350: BRAM read address=0xe6b (57, 43), data=0x3f ( 63)
Time                81370: BRAM read address=0xe6c (57, 44), data=0x32 ( 50)
Time                81390: BRAM read address=0xe6d (57, 45), data=0x22 ( 34)
Time                81410: BRAM read address=0xe6e (57, 46), data=0x20 ( 32)
Time                81430: BRAM read address=0xe6f (57, 47), data=0x71 (113)
Time                81450: BRAM read address=0xe70 (57, 48), data=0x33 ( 51)
Time                81470: BRAM read address=0xe71 (57, 49), data=0x43 ( 67)
Time                81490: BRAM read address=0xe72 (57, 50), data=0x29 ( 41)
Time                81510: BRAM read address=0xe73 (57, 51), data=0x65 (101)
Time                81530: BRAM read address=0xe74 (57, 52), data=0x44 ( 68)
Time                81550: BRAM read address=0xe75 (57, 53), data=0x54 ( 84)
Time                81570: BRAM read address=0xe76 (57, 54), data=0x25 ( 37)
Time                81590: BRAM read address=0xe77 (57, 55), data=0x1d ( 29)
Time                81610: BRAM read address=0xe78 (57, 56), data=0x39 ( 57)
Time                81630: BRAM read address=0xe79 (57, 57), data=0x57 ( 87)
Time                81650: BRAM read address=0xe7a (57, 58), data=0x2f ( 47)
Time                81670: BRAM read address=0xe7b (57, 59), data=0x4a ( 74)
Time                81690: BRAM read address=0xe7c (57, 60), data=0x3d ( 61)
Time                81710: BRAM read address=0xe7d (57, 61), data=0x47 ( 71)
Time                81730: BRAM read address=0xe7e (57, 62), data=0x45 ( 69)
Time                81750: BRAM read address=0xe7f (57, 63), data=0x54 ( 84)
Time                81770: BRAM read address=0x000 ( 0,  0), data=0x57 ( 87)
Time                81850: BRAM read address=0xe80 (58,  0), data=0x1c ( 28)
Time                81870: BRAM read address=0xe81 (58,  1), data=0x33 ( 51)
Time                81890: BRAM read address=0xe82 (58,  2), data=0x1d ( 29)
Time                81910: BRAM read address=0xe83 (58,  3), data=0x3f ( 63)
Time                81930: BRAM read address=0xe84 (58,  4), data=0x37 ( 55)
Time                81950: BRAM read address=0xe85 (58,  5), data=0x63 ( 99)
Time                81970: BRAM read address=0xe86 (58,  6), data=0x44 ( 68)
Time                81990: BRAM read address=0xe87 (58,  7), data=0x52 ( 82)
Time                82010: BRAM read address=0xe88 (58,  8), data=0x3c ( 60)
Time                82030: BRAM read address=0xe89 (58,  9), data=0x5c ( 92)
Time                82050: BRAM read address=0xe8a (58, 10), data=0x6c (108)
Time                82070: BRAM read address=0xe8b (58, 11), data=0x4f ( 79)
Time                82090: BRAM read address=0xe8c (58, 12), data=0x57 ( 87)
Time                82110: BRAM read address=0xe8d (58, 13), data=0x42 ( 66)
Time                82130: BRAM read address=0xe8e (58, 14), data=0x49 ( 73)
Time                82150: BRAM read address=0xe8f (58, 15), data=0x30 ( 48)
Time                82170: BRAM read address=0xe90 (58, 16), data=0x21 ( 33)
Time                82190: BRAM read address=0xe91 (58, 17), data=0x4b ( 75)
Time                82210: BRAM read address=0xe92 (58, 18), data=0x1a ( 26)
Time                82230: BRAM read address=0xe93 (58, 19), data=0x39 ( 57)
Time                82250: BRAM read address=0xe94 (58, 20), data=0x42 ( 66)
Time                82270: BRAM read address=0xe95 (58, 21), data=0x1f ( 31)
Time                82290: BRAM read address=0xe96 (58, 22), data=0x5e ( 94)
Time                82310: BRAM read address=0xe97 (58, 23), data=0x3d ( 61)
Time                82330: BRAM read address=0xe98 (58, 24), data=0x3d ( 61)
Time                82350: BRAM read address=0xe99 (58, 25), data=0x27 ( 39)
Time                82370: BRAM read address=0xe9a (58, 26), data=0x27 ( 39)
Time                82390: BRAM read address=0xe9b (58, 27), data=0x38 ( 56)
Time                82410: BRAM read address=0xe9c (58, 28), data=0x42 ( 66)
Time                82430: BRAM read address=0xe9d (58, 29), data=0x43 ( 67)
Time                82450: BRAM read address=0xe9e (58, 30), data=0x54 ( 84)
Time                82470: BRAM read address=0xe9f (58, 31), data=0x2d ( 45)
Time                82490: BRAM read address=0xea0 (58, 32), data=0x2b ( 43)
Time                82510: BRAM read address=0xea1 (58, 33), data=0x41 ( 65)
Time                82530: BRAM read address=0xea2 (58, 34), data=0x3e ( 62)
Time                82550: BRAM read address=0xea3 (58, 35), data=0x39 ( 57)
Time                82570: BRAM read address=0xea4 (58, 36), data=0x5d ( 93)
Time                82590: BRAM read address=0xea5 (58, 37), data=0x43 ( 67)
Time                82610: BRAM read address=0xea6 (58, 38), data=0x33 ( 51)
Time                82630: BRAM read address=0xea7 (58, 39), data=0x2a ( 42)
Time                82650: BRAM read address=0xea8 (58, 40), data=0x2d ( 45)
Time                82670: BRAM read address=0xea9 (58, 41), data=0x27 ( 39)
Time                82690: BRAM read address=0xeaa (58, 42), data=0x2d ( 45)
Time                82710: BRAM read address=0xeab (58, 43), data=0x28 ( 40)
Time                82730: BRAM read address=0xeac (58, 44), data=0x40 ( 64)
Time                82750: BRAM read address=0xead (58, 45), data=0x42 ( 66)
Time                82770: BRAM read address=0xeae (58, 46), data=0x32 ( 50)
Time                82790: BRAM read address=0xeaf (58, 47), data=0x43 ( 67)
Time                82810: BRAM read address=0xeb0 (58, 48), data=0x50 ( 80)
Time                82830: BRAM read address=0xeb1 (58, 49), data=0x1d ( 29)
Time                82850: BRAM read address=0xeb2 (58, 50), data=0x35 ( 53)
Time                82870: BRAM read address=0xeb3 (58, 51), data=0x4e ( 78)
Time                82890: BRAM read address=0xeb4 (58, 52), data=0x47 ( 71)
Time                82910: BRAM read address=0xeb5 (58, 53), data=0x52 ( 82)
Time                82930: BRAM read address=0xeb6 (58, 54), data=0x3c ( 60)
Time                82950: BRAM read address=0xeb7 (58, 55), data=0x45 ( 69)
Time                82970: BRAM read address=0xeb8 (58, 56), data=0x3b ( 59)
Time                82990: BRAM read address=0xeb9 (58, 57), data=0x3e ( 62)
Time                83010: BRAM read address=0xeba (58, 58), data=0x35 ( 53)
Time                83030: BRAM read address=0xebb (58, 59), data=0x20 ( 32)
Time                83050: BRAM read address=0xebc (58, 60), data=0x58 ( 88)
Time                83070: BRAM read address=0xebd (58, 61), data=0x37 ( 55)
Time                83090: BRAM read address=0xebe (58, 62), data=0x44 ( 68)
Time                83110: BRAM read address=0xebf (58, 63), data=0x39 ( 57)
Time                83130: BRAM read address=0x000 ( 0,  0), data=0x57 ( 87)
Time                83210: BRAM read address=0xec0 (59,  0), data=0x3f ( 63)
Time                83230: BRAM read address=0xec1 (59,  1), data=0x25 ( 37)
Time                83250: BRAM read address=0xec2 (59,  2), data=0x50 ( 80)
Time                83270: BRAM read address=0xec3 (59,  3), data=0x2d ( 45)
Time                83290: BRAM read address=0xec4 (59,  4), data=0x23 ( 35)
Time                83310: BRAM read address=0xec5 (59,  5), data=0x42 ( 66)
Time                83330: BRAM read address=0xec6 (59,  6), data=0x64 (100)
Time                83350: BRAM read address=0xec7 (59,  7), data=0x38 ( 56)
Time                83370: BRAM read address=0xec8 (59,  8), data=0x50 ( 80)
Time                83390: BRAM read address=0xec9 (59,  9), data=0x2b ( 43)
Time                83410: BRAM read address=0xeca (59, 10), data=0x37 ( 55)
Time                83430: BRAM read address=0xecb (59, 11), data=0x00 (  0)
Time                83450: BRAM read address=0xecc (59, 12), data=0x41 ( 65)
Time                83470: BRAM read address=0xecd (59, 13), data=0x42 ( 66)
Time                83490: BRAM read address=0xece (59, 14), data=0x54 ( 84)
Time                83510: BRAM read address=0xecf (59, 15), data=0x5b ( 91)
Time                83530: BRAM read address=0xed0 (59, 16), data=0x4a ( 74)
Time                83550: BRAM read address=0xed1 (59, 17), data=0x38 ( 56)
Time                83570: BRAM read address=0xed2 (59, 18), data=0x50 ( 80)
Time                83590: BRAM read address=0xed3 (59, 19), data=0x4e ( 78)
Time                83610: BRAM read address=0xed4 (59, 20), data=0x45 ( 69)
Time                83630: BRAM read address=0xed5 (59, 21), data=0x30 ( 48)
Time                83650: BRAM read address=0xed6 (59, 22), data=0x40 ( 64)
Time                83670: BRAM read address=0xed7 (59, 23), data=0x2b ( 43)
Time                83690: BRAM read address=0xed8 (59, 24), data=0x46 ( 70)
Time                83710: BRAM read address=0xed9 (59, 25), data=0x70 (112)
Time                83730: BRAM read address=0xeda (59, 26), data=0x6e (110)
Time                83750: BRAM read address=0xedb (59, 27), data=0x34 ( 52)
Time                83770: BRAM read address=0xedc (59, 28), data=0x6a (106)
Time                83790: BRAM read address=0xedd (59, 29), data=0x49 ( 73)
Time                83810: BRAM read address=0xede (59, 30), data=0x32 ( 50)
Time                83830: BRAM read address=0xedf (59, 31), data=0x4c ( 76)
Time                83850: BRAM read address=0xee0 (59, 32), data=0x3d ( 61)
Time                83870: BRAM read address=0xee1 (59, 33), data=0x72 (114)
Time                83890: BRAM read address=0xee2 (59, 34), data=0x4b ( 75)
Time                83910: BRAM read address=0xee3 (59, 35), data=0x44 ( 68)
Time                83930: BRAM read address=0xee4 (59, 36), data=0x53 ( 83)
Time                83950: BRAM read address=0xee5 (59, 37), data=0x47 ( 71)
Time                83970: BRAM read address=0xee6 (59, 38), data=0x4a ( 74)
Time                83990: BRAM read address=0xee7 (59, 39), data=0x30 ( 48)
Time                84010: BRAM read address=0xee8 (59, 40), data=0x26 ( 38)
Time                84030: BRAM read address=0xee9 (59, 41), data=0x60 ( 96)
Time                84050: BRAM read address=0xeea (59, 42), data=0x38 ( 56)
Time                84070: BRAM read address=0xeeb (59, 43), data=0x23 ( 35)
Time                84090: BRAM read address=0xeec (59, 44), data=0x3c ( 60)
Time                84110: BRAM read address=0xeed (59, 45), data=0x4a ( 74)
Time                84130: BRAM read address=0xeee (59, 46), data=0x5c ( 92)
Time                84150: BRAM read address=0xeef (59, 47), data=0x46 ( 70)
Time                84170: BRAM read address=0xef0 (59, 48), data=0x59 ( 89)
Time                84190: BRAM read address=0xef1 (59, 49), data=0x58 ( 88)
Time                84210: BRAM read address=0xef2 (59, 50), data=0x45 ( 69)
Time                84230: BRAM read address=0xef3 (59, 51), data=0x51 ( 81)
Time                84250: BRAM read address=0xef4 (59, 52), data=0x30 ( 48)
Time                84270: BRAM read address=0xef5 (59, 53), data=0x72 (114)
Time                84290: BRAM read address=0xef6 (59, 54), data=0x48 ( 72)
Time                84310: BRAM read address=0xef7 (59, 55), data=0x48 ( 72)
Time                84330: BRAM read address=0xef8 (59, 56), data=0x61 ( 97)
Time                84350: BRAM read address=0xef9 (59, 57), data=0x37 ( 55)
Time                84370: BRAM read address=0xefa (59, 58), data=0x2a ( 42)
Time                84390: BRAM read address=0xefb (59, 59), data=0x3c ( 60)
Time                84410: BRAM read address=0xefc (59, 60), data=0x2e ( 46)
Time                84430: BRAM read address=0xefd (59, 61), data=0x68 (104)
Time                84450: BRAM read address=0xefe (59, 62), data=0x4b ( 75)
Time                84470: BRAM read address=0xeff (59, 63), data=0x3e ( 62)
Time                84490: BRAM read address=0x000 ( 0,  0), data=0x57 ( 87)
Time                84570: BRAM read address=0xf00 (60,  0), data=0x4f ( 79)
Time                84590: BRAM read address=0xf01 (60,  1), data=0x33 ( 51)
Time                84610: BRAM read address=0xf02 (60,  2), data=0x41 ( 65)
Time                84630: BRAM read address=0xf03 (60,  3), data=0x32 ( 50)
Time                84650: BRAM read address=0xf04 (60,  4), data=0x44 ( 68)
Time                84670: BRAM read address=0xf05 (60,  5), data=0x2e ( 46)
Time                84690: BRAM read address=0xf06 (60,  6), data=0x2f ( 47)
Time                84710: BRAM read address=0xf07 (60,  7), data=0x36 ( 54)
Time                84730: BRAM read address=0xf08 (60,  8), data=0x4f ( 79)
Time                84750: BRAM read address=0xf09 (60,  9), data=0x2c ( 44)
Time                84770: BRAM read address=0xf0a (60, 10), data=0x2e ( 46)
Time                84790: BRAM read address=0xf0b (60, 11), data=0x50 ( 80)
Time                84810: BRAM read address=0xf0c (60, 12), data=0x40 ( 64)
Time                84830: BRAM read address=0xf0d (60, 13), data=0x54 ( 84)
Time                84850: BRAM read address=0xf0e (60, 14), data=0x47 ( 71)
Time                84870: BRAM read address=0xf0f (60, 15), data=0x5b ( 91)
Time                84890: BRAM read address=0xf10 (60, 16), data=0x3c ( 60)
Time                84910: BRAM read address=0xf11 (60, 17), data=0x68 (104)
Time                84930: BRAM read address=0xf12 (60, 18), data=0x35 ( 53)
Time                84950: BRAM read address=0xf13 (60, 19), data=0x46 ( 70)
Time                84970: BRAM read address=0xf14 (60, 20), data=0x41 ( 65)
Time                84990: BRAM read address=0xf15 (60, 21), data=0x17 ( 23)
Time                85010: BRAM read address=0xf16 (60, 22), data=0x58 ( 88)
Time                85030: BRAM read address=0xf17 (60, 23), data=0x51 ( 81)
Time                85050: BRAM read address=0xf18 (60, 24), data=0x57 ( 87)
Time                85070: BRAM read address=0xf19 (60, 25), data=0x3c ( 60)
Time                85090: BRAM read address=0xf1a (60, 26), data=0x00 (  0)
Time                85110: BRAM read address=0xf1b (60, 27), data=0x4b ( 75)
Time                85130: BRAM read address=0xf1c (60, 28), data=0x5c ( 92)
Time                85150: BRAM read address=0xf1d (60, 29), data=0x3f ( 63)
Time                85170: BRAM read address=0xf1e (60, 30), data=0x31 ( 49)
Time                85190: BRAM read address=0xf1f (60, 31), data=0x24 ( 36)
Time                85210: BRAM read address=0xf20 (60, 32), data=0x45 ( 69)
Time                85230: BRAM read address=0xf21 (60, 33), data=0x23 ( 35)
Time                85250: BRAM read address=0xf22 (60, 34), data=0x5c ( 92)
Time                85270: BRAM read address=0xf23 (60, 35), data=0x26 ( 38)
Time                85290: BRAM read address=0xf24 (60, 36), data=0x2f ( 47)
Time                85310: BRAM read address=0xf25 (60, 37), data=0x44 ( 68)
Time                85330: BRAM read address=0xf26 (60, 38), data=0x42 ( 66)
Time                85350: BRAM read address=0xf27 (60, 39), data=0x41 ( 65)
Time                85370: BRAM read address=0xf28 (60, 40), data=0x3c ( 60)
Time                85390: BRAM read address=0xf29 (60, 41), data=0x49 ( 73)
Time                85410: BRAM read address=0xf2a (60, 42), data=0x50 ( 80)
Time                85430: BRAM read address=0xf2b (60, 43), data=0x4b ( 75)
Time                85450: BRAM read address=0xf2c (60, 44), data=0x2f ( 47)
Time                85470: BRAM read address=0xf2d (60, 45), data=0x4e ( 78)
Time                85490: BRAM read address=0xf2e (60, 46), data=0x24 ( 36)
Time                85510: BRAM read address=0xf2f (60, 47), data=0x46 ( 70)
Time                85530: BRAM read address=0xf30 (60, 48), data=0x5b ( 91)
Time                85550: BRAM read address=0xf31 (60, 49), data=0x39 ( 57)
Time                85570: BRAM read address=0xf32 (60, 50), data=0x7c (124)
Time                85590: BRAM read address=0xf33 (60, 51), data=0x0b ( 11)
Time                85610: BRAM read address=0xf34 (60, 52), data=0x1d ( 29)
Time                85630: BRAM read address=0xf35 (60, 53), data=0x47 ( 71)
Time                85650: BRAM read address=0xf36 (60, 54), data=0x23 ( 35)
Time                85670: BRAM read address=0xf37 (60, 55), data=0x23 ( 35)
Time                85690: BRAM read address=0xf38 (60, 56), data=0x59 ( 89)
Time                85710: BRAM read address=0xf39 (60, 57), data=0x43 ( 67)
Time                85730: BRAM read address=0xf3a (60, 58), data=0x45 ( 69)
Time                85750: BRAM read address=0xf3b (60, 59), data=0x5d ( 93)
Time                85770: BRAM read address=0xf3c (60, 60), data=0x4e ( 78)
Time                85790: BRAM read address=0xf3d (60, 61), data=0x6c (108)
Time                85810: BRAM read address=0xf3e (60, 62), data=0x2b ( 43)
Time                85830: BRAM read address=0xf3f (60, 63), data=0x53 ( 83)
Time                85850: BRAM read address=0x000 ( 0,  0), data=0x57 ( 87)
Time                85930: BRAM read address=0xf40 (61,  0), data=0x41 ( 65)
Time                85950: BRAM read address=0xf41 (61,  1), data=0x52 ( 82)
Time                85970: BRAM read address=0xf42 (61,  2), data=0x3e ( 62)
Time                85990: BRAM read address=0xf43 (61,  3), data=0x67 (103)
Time                86010: BRAM read address=0xf44 (61,  4), data=0x36 ( 54)
Time                86030: BRAM read address=0xf45 (61,  5), data=0x41 ( 65)
Time                86050: BRAM read address=0xf46 (61,  6), data=0x24 ( 36)
Time                86070: BRAM read address=0xf47 (61,  7), data=0x4c ( 76)
Time                86090: BRAM read address=0xf48 (61,  8), data=0x37 ( 55)
Time                86110: BRAM read address=0xf49 (61,  9), data=0x33 ( 51)
Time                86130: BRAM read address=0xf4a (61, 10), data=0x47 ( 71)
Time                86150: BRAM read address=0xf4b (61, 11), data=0x2c ( 44)
Time                86170: BRAM read address=0xf4c (61, 12), data=0x45 ( 69)
Time                86190: BRAM read address=0xf4d (61, 13), data=0x41 ( 65)
Time                86210: BRAM read address=0xf4e (61, 14), data=0x39 ( 57)
Time                86230: BRAM read address=0xf4f (61, 15), data=0x4a ( 74)
Time                86250: BRAM read address=0xf50 (61, 16), data=0x4f ( 79)
Time                86270: BRAM read address=0xf51 (61, 17), data=0x50 ( 80)
Time                86290: BRAM read address=0xf52 (61, 18), data=0x40 ( 64)
Time                86310: BRAM read address=0xf53 (61, 19), data=0x3f ( 63)
Time                86330: BRAM read address=0xf54 (61, 20), data=0x67 (103)
Time                86350: BRAM read address=0xf55 (61, 21), data=0x56 ( 86)
Time                86370: BRAM read address=0xf56 (61, 22), data=0x40 ( 64)
Time                86390: BRAM read address=0xf57 (61, 23), data=0x33 ( 51)
Time                86410: BRAM read address=0xf58 (61, 24), data=0x33 ( 51)
Time                86430: BRAM read address=0xf59 (61, 25), data=0x60 ( 96)
Time                86450: BRAM read address=0xf5a (61, 26), data=0x40 ( 64)
Time                86470: BRAM read address=0xf5b (61, 27), data=0x23 ( 35)
Time                86490: BRAM read address=0xf5c (61, 28), data=0x2e ( 46)
Time                86510: BRAM read address=0xf5d (61, 29), data=0x34 ( 52)
Time                86530: BRAM read address=0xf5e (61, 30), data=0x73 (115)
Time                86550: BRAM read address=0xf5f (61, 31), data=0x54 ( 84)
Time                86570: BRAM read address=0xf60 (61, 32), data=0x44 ( 68)
Time                86590: BRAM read address=0xf61 (61, 33), data=0x25 ( 37)
Time                86610: BRAM read address=0xf62 (61, 34), data=0x41 ( 65)
Time                86630: BRAM read address=0xf63 (61, 35), data=0x6c (108)
Time                86650: BRAM read address=0xf64 (61, 36), data=0x28 ( 40)
Time                86670: BRAM read address=0xf65 (61, 37), data=0x42 ( 66)
Time                86690: BRAM read address=0xf66 (61, 38), data=0x33 ( 51)
Time                86710: BRAM read address=0xf67 (61, 39), data=0x53 ( 83)
Time                86730: BRAM read address=0xf68 (61, 40), data=0x4c ( 76)
Time                86750: BRAM read address=0xf69 (61, 41), data=0x68 (104)
Time                86770: BRAM read address=0xf6a (61, 42), data=0x44 ( 68)
Time                86790: BRAM read address=0xf6b (61, 43), data=0x0e ( 14)
Time                86810: BRAM read address=0xf6c (61, 44), data=0x52 ( 82)
Time                86830: BRAM read address=0xf6d (61, 45), data=0x31 ( 49)
Time                86850: BRAM read address=0xf6e (61, 46), data=0x6d (109)
Time                86870: BRAM read address=0xf6f (61, 47), data=0x29 ( 41)
Time                86890: BRAM read address=0xf70 (61, 48), data=0x1f ( 31)
Time                86910: BRAM read address=0xf71 (61, 49), data=0x8b (139)
Time                86930: BRAM read address=0xf72 (61, 50), data=0x61 ( 97)
Time                86950: BRAM read address=0xf73 (61, 51), data=0x33 ( 51)
Time                86970: BRAM read address=0xf74 (61, 52), data=0x85 (133)
Time                86990: BRAM read address=0xf75 (61, 53), data=0x61 ( 97)
Time                87010: BRAM read address=0xf76 (61, 54), data=0x2e ( 46)
Time                87030: BRAM read address=0xf77 (61, 55), data=0x35 ( 53)
Time                87050: BRAM read address=0xf78 (61, 56), data=0x1c ( 28)
Time                87070: BRAM read address=0xf79 (61, 57), data=0x48 ( 72)
Time                87090: BRAM read address=0xf7a (61, 58), data=0x20 ( 32)
Time                87110: BRAM read address=0xf7b (61, 59), data=0x4d ( 77)
Time                87130: BRAM read address=0xf7c (61, 60), data=0x48 ( 72)
Time                87150: BRAM read address=0xf7d (61, 61), data=0x67 (103)
Time                87170: BRAM read address=0xf7e (61, 62), data=0x55 ( 85)
Time                87190: BRAM read address=0xf7f (61, 63), data=0x53 ( 83)
Time                87210: BRAM read address=0x000 ( 0,  0), data=0x57 ( 87)
Time                87290: BRAM read address=0xf80 (62,  0), data=0x18 ( 24)
Time                87310: BRAM read address=0xf81 (62,  1), data=0x3a ( 58)
Time                87330: BRAM read address=0xf82 (62,  2), data=0x3c ( 60)
Time                87350: BRAM read address=0xf83 (62,  3), data=0x4c ( 76)
Time                87370: BRAM read address=0xf84 (62,  4), data=0x57 ( 87)
Time                87390: BRAM read address=0xf85 (62,  5), data=0x2b ( 43)
Time                87410: BRAM read address=0xf86 (62,  6), data=0x3a ( 58)
Time                87430: BRAM read address=0xf87 (62,  7), data=0x60 ( 96)
Time                87450: BRAM read address=0xf88 (62,  8), data=0x38 ( 56)
Time                87470: BRAM read address=0xf89 (62,  9), data=0x1e ( 30)
Time                87490: BRAM read address=0xf8a (62, 10), data=0x4f ( 79)
Time                87510: BRAM read address=0xf8b (62, 11), data=0x3c ( 60)
Time                87530: BRAM read address=0xf8c (62, 12), data=0x1d ( 29)
Time                87550: BRAM read address=0xf8d (62, 13), data=0x10 ( 16)
Time                87570: BRAM read address=0xf8e (62, 14), data=0x38 ( 56)
Time                87590: BRAM read address=0xf8f (62, 15), data=0x3f ( 63)
Time                87610: BRAM read address=0xf90 (62, 16), data=0x35 ( 53)
Time                87630: BRAM read address=0xf91 (62, 17), data=0x3d ( 61)
Time                87650: BRAM read address=0xf92 (62, 18), data=0x21 ( 33)
Time                87670: BRAM read address=0xf93 (62, 19), data=0x4a ( 74)
Time                87690: BRAM read address=0xf94 (62, 20), data=0x37 ( 55)
Time                87710: BRAM read address=0xf95 (62, 21), data=0x27 ( 39)
Time                87730: BRAM read address=0xf96 (62, 22), data=0x1f ( 31)
Time                87750: BRAM read address=0xf97 (62, 23), data=0x3d ( 61)
Time                87770: BRAM read address=0xf98 (62, 24), data=0x33 ( 51)
Time                87790: BRAM read address=0xf99 (62, 25), data=0x53 ( 83)
Time                87810: BRAM read address=0xf9a (62, 26), data=0x46 ( 70)
Time                87830: BRAM read address=0xf9b (62, 27), data=0x55 ( 85)
Time                87850: BRAM read address=0xf9c (62, 28), data=0x56 ( 86)
Time                87870: BRAM read address=0xf9d (62, 29), data=0x5c ( 92)
Time                87890: BRAM read address=0xf9e (62, 30), data=0x44 ( 68)
Time                87910: BRAM read address=0xf9f (62, 31), data=0x34 ( 52)
Time                87930: BRAM read address=0xfa0 (62, 32), data=0x4e ( 78)
Time                87950: BRAM read address=0xfa1 (62, 33), data=0x47 ( 71)
Time                87970: BRAM read address=0xfa2 (62, 34), data=0x38 ( 56)
Time                87990: BRAM read address=0xfa3 (62, 35), data=0x3b ( 59)
Time                88010: BRAM read address=0xfa4 (62, 36), data=0x4c ( 76)
Time                88030: BRAM read address=0xfa5 (62, 37), data=0x2e ( 46)
Time                88050: BRAM read address=0xfa6 (62, 38), data=0x4c ( 76)
Time                88070: BRAM read address=0xfa7 (62, 39), data=0x33 ( 51)
Time                88090: BRAM read address=0xfa8 (62, 40), data=0x77 (119)
Time                88110: BRAM read address=0xfa9 (62, 41), data=0x26 ( 38)
Time                88130: BRAM read address=0xfaa (62, 42), data=0x1a ( 26)
Time                88150: BRAM read address=0xfab (62, 43), data=0x25 ( 37)
Time                88170: BRAM read address=0xfac (62, 44), data=0x44 ( 68)
Time                88190: BRAM read address=0xfad (62, 45), data=0x60 ( 96)
Time                88210: BRAM read address=0xfae (62, 46), data=0x2d ( 45)
Time                88230: BRAM read address=0xfaf (62, 47), data=0x30 ( 48)
Time                88250: BRAM read address=0xfb0 (62, 48), data=0x6d (109)
Time                88270: BRAM read address=0xfb1 (62, 49), data=0x8e (142)
Time                88290: BRAM read address=0xfb2 (62, 50), data=0x9e (158)
Time                88310: BRAM read address=0xfb3 (62, 51), data=0x19 ( 25)
Time                88330: BRAM read address=0xfb4 (62, 52), data=0x29 ( 41)
Time                88350: BRAM read address=0xfb5 (62, 53), data=0x2c ( 44)
Time                88370: BRAM read address=0xfb6 (62, 54), data=0x3b ( 59)
Time                88390: BRAM read address=0xfb7 (62, 55), data=0x49 ( 73)
Time                88410: BRAM read address=0xfb8 (62, 56), data=0x5d ( 93)
Time                88430: BRAM read address=0xfb9 (62, 57), data=0x2a ( 42)
Time                88450: BRAM read address=0xfba (62, 58), data=0x4a ( 74)
Time                88470: BRAM read address=0xfbb (62, 59), data=0x3a ( 58)
Time                88490: BRAM read address=0xfbc (62, 60), data=0x24 ( 36)
Time                88510: BRAM read address=0xfbd (62, 61), data=0x7f (127)
Time                88530: BRAM read address=0xfbe (62, 62), data=0x2f ( 47)
Time                88550: BRAM read address=0xfbf (62, 63), data=0x3f ( 63)
Time                88570: BRAM read address=0x000 ( 0,  0), data=0x57 ( 87)
Time                88650: BRAM read address=0xfc0 (63,  0), data=0x50 ( 80)
Time                88670: BRAM read address=0xfc1 (63,  1), data=0x2c ( 44)
Time                88690: BRAM read address=0xfc2 (63,  2), data=0x45 ( 69)
Time                88710: BRAM read address=0xfc3 (63,  3), data=0x3b ( 59)
Time                88730: BRAM read address=0xfc4 (63,  4), data=0x33 ( 51)
Time                88750: BRAM read address=0xfc5 (63,  5), data=0x1d ( 29)
Time                88770: BRAM read address=0xfc6 (63,  6), data=0x43 ( 67)
Time                88790: BRAM read address=0xfc7 (63,  7), data=0x5d ( 93)
Time                88810: BRAM read address=0xfc8 (63,  8), data=0x0f ( 15)
Time                88830: BRAM read address=0xfc9 (63,  9), data=0x5d ( 93)
Time                88850: BRAM read address=0xfca (63, 10), data=0x41 ( 65)
Time                88870: BRAM read address=0xfcb (63, 11), data=0x24 ( 36)
Time                88890: BRAM read address=0xfcc (63, 12), data=0x4f ( 79)
Time                88910: BRAM read address=0xfcd (63, 13), data=0x31 ( 49)
Time                88930: BRAM read address=0xfce (63, 14), data=0x62 ( 98)
Time                88950: BRAM read address=0xfcf (63, 15), data=0x46 ( 70)
Time                88970: BRAM read address=0xfd0 (63, 16), data=0x5b ( 91)
Time                88990: BRAM read address=0xfd1 (63, 17), data=0x53 ( 83)
Time                89010: BRAM read address=0xfd2 (63, 18), data=0x53 ( 83)
Time                89030: BRAM read address=0xfd3 (63, 19), data=0x3f ( 63)
Time                89050: BRAM read address=0xfd4 (63, 20), data=0x44 ( 68)
Time                89070: BRAM read address=0xfd5 (63, 21), data=0x1e ( 30)
Time                89090: BRAM read address=0xfd6 (63, 22), data=0x80 (128)
Time                89110: BRAM read address=0xfd7 (63, 23), data=0x75 (117)
Time                89130: BRAM read address=0xfd8 (63, 24), data=0x3e ( 62)
Time                89150: BRAM read address=0xfd9 (63, 25), data=0x47 ( 71)
Time                89170: BRAM read address=0xfda (63, 26), data=0x43 ( 67)
Time                89190: BRAM read address=0xfdb (63, 27), data=0x31 ( 49)
Time                89210: BRAM read address=0xfdc (63, 28), data=0x43 ( 67)
Time                89230: BRAM read address=0xfdd (63, 29), data=0x45 ( 69)
Time                89250: BRAM read address=0xfde (63, 30), data=0x2c ( 44)
Time                89270: BRAM read address=0xfdf (63, 31), data=0x3e ( 62)
Time                89290: BRAM read address=0xfe0 (63, 32), data=0x26 ( 38)
Time                89310: BRAM read address=0xfe1 (63, 33), data=0x3a ( 58)
Time                89330: BRAM read address=0xfe2 (63, 34), data=0x66 (102)
Time                89350: BRAM read address=0xfe3 (63, 35), data=0x18 ( 24)
Time                89370: BRAM read address=0xfe4 (63, 36), data=0x54 ( 84)
Time                89390: BRAM read address=0xfe5 (63, 37), data=0x2a ( 42)
Time                89410: BRAM read address=0xfe6 (63, 38), data=0x40 ( 64)
Time                89430: BRAM read address=0xfe7 (63, 39), data=0x55 ( 85)
Time                89450: BRAM read address=0xfe8 (63, 40), data=0x65 (101)
Time                89470: BRAM read address=0xfe9 (63, 41), data=0x49 ( 73)
Time                89490: BRAM read address=0xfea (63, 42), data=0x23 ( 35)
Time                89510: BRAM read address=0xfeb (63, 43), data=0x59 ( 89)
Time                89530: BRAM read address=0xfec (63, 44), data=0x29 ( 41)
Time                89550: BRAM read address=0xfed (63, 45), data=0x44 ( 68)
Time                89570: BRAM read address=0xfee (63, 46), data=0x40 ( 64)
Time                89590: BRAM read address=0xfef (63, 47), data=0x64 (100)
Time                89610: BRAM read address=0xff0 (63, 48), data=0x6d (109)
Time                89630: BRAM read address=0xff1 (63, 49), data=0x39 ( 57)
Time                89650: BRAM read address=0xff2 (63, 50), data=0x0d ( 13)
Time                89670: BRAM read address=0xff3 (63, 51), data=0x81 (129)
Time                89690: BRAM read address=0xff4 (63, 52), data=0x72 (114)
Time                89710: BRAM read address=0xff5 (63, 53), data=0x51 ( 81)
Time                89730: BRAM read address=0xff6 (63, 54), data=0x50 ( 80)
Time                89750: BRAM read address=0xff7 (63, 55), data=0x46 ( 70)
Time                89770: BRAM read address=0xff8 (63, 56), data=0x4a ( 74)
Time                89790: BRAM read address=0xff9 (63, 57), data=0x2d ( 45)
Time                89810: BRAM read address=0xffa (63, 58), data=0x5d ( 93)
Time                89830: BRAM read address=0xffb (63, 59), data=0x5a ( 90)
Time                89850: BRAM read address=0xffc (63, 60), data=0x41 ( 65)
Time                89870: BRAM read address=0xffd (63, 61), data=0x52 ( 82)
Time                89890: BRAM read address=0xffe (63, 62), data=0x2f ( 47)
Time                89910: BRAM read address=0xfff (63, 63), data=0x30 ( 48)
Time                89930: BRAM read address=0x000 ( 0,  0), data=0x57 ( 87)
Detection finished at time                92811

=== Detection Results ===
Number of peaks detected: 6
Peak[0]: Row= 0, Col=58, Value=232
Peak[1]: Row= 1, Col=39, Value=163
Peak[2]: Row=62, Col=49, Value=158
Peak[3]: Row=10, Col=61, Value=144
Peak[4]: Row=49, Col= 1, Value=140
Peak[5]: Row=37, Col=19, Value=128
=== End of Results ===

Test completed successfully!
design\sim\tb_Core_page3_tmp.v:92: $finish called at 93140 (1ns)
